0 verbose cli C:\Program Files\nodejs\node.exe C:\Program Files\nodejs\node_modules\npm\bin\npm-cli.js
1 info using npm@11.19.0
2 info using node@v24.20.0
3 silly config load:file:C:\Program Files\nodejs\node_modules\npm\npmrc
4 silly config load:file:C:\Users\grego\Documents\Codex\2026-09-02\fa\outputs\finora\frontend\.npmrc
5 silly config load:file:C:\Users\grego\.npmrc
6 silly config load:file:C:\Users\grego\AppData\Roaming\npm\etc\npmrc
7 verbose title npm install
8 verbose argv "install" "--cache" ".npm-cache"
9 verbose logfile logs-max:10 dir:C:\Users\grego\Documents\Codex\2026-09-02\fa\outputs\finora\frontend\.npm-cache\_logs\2026-09-02T14_58_57_214Z-
10 verbose logfile C:\Users\grego\Documents\Codex\2026-09-02\fa\outputs\finora\frontend\.npm-cache\_logs\2026-09-02T14_58_57_214Z-debug-0.log
11 silly logfile done cleaning log files
12 silly packumentCache heap:4496293888 maxSize:1124073472 maxEntrySize:562036736
13 silly idealTree buildDeps
14 silly fetch manifest @vitejs/plugin-react@latest
15 silly packumentCache full:https://registry.npmjs.org/@vitejs%2fplugin-react cache-miss
16 http fetch GET 200 https://registry.npmjs.org/@vitejs%2fplugin-react 123ms (cache miss)
17 silly packumentCache full:https://registry.npmjs.org/@vitejs%2fplugin-react set size:undefined disposed:false
18 silly fetch manifest @rolldown/plugin-babel@^0.1.7 || ^0.2.0
19 silly packumentCache full:https://registry.npmjs.org/@rolldown%2fplugin-babel cache-miss
20 http fetch GET 200 https://registry.npmjs.org/npm 197ms
21 http fetch GET 200 https://registry.npmjs.org/@rolldown%2fplugin-babel 250ms (cache miss)
22 silly packumentCache full:https://registry.npmjs.org/@rolldown%2fplugin-babel set size:undefined disposed:false
23 silly fetch manifest @babel/core@^7.29.0 || ^8.0.0-rc.1
24 silly packumentCache full:https://registry.npmjs.org/@babel%2fcore cache-miss
25 http fetch GET 200 https://registry.npmjs.org/@babel%2fcore 82ms (cache miss)
26 silly packumentCache full:https://registry.npmjs.org/@babel%2fcore set size:undefined disposed:false
27 silly fetch manifest @babel/plugin-transform-runtime@^7.29.0 || ^8.0.0-rc.1
28 silly packumentCache full:https://registry.npmjs.org/@babel%2fplugin-transform-runtime cache-miss
29 http fetch GET 200 https://registry.npmjs.org/@babel%2fplugin-transform-runtime 75ms (cache miss)
30 silly packumentCache full:https://registry.npmjs.org/@babel%2fplugin-transform-runtime set size:undefined disposed:false
31 silly fetch manifest @babel/runtime@^7.27.0 || ^8.0.0-rc.1
32 silly packumentCache full:https://registry.npmjs.org/@babel%2fruntime cache-miss
33 http fetch GET 200 https://registry.npmjs.org/@babel%2fruntime 168ms (cache miss)
34 silly packumentCache full:https://registry.npmjs.org/@babel%2fruntime set size:undefined disposed:false
35 silly fetch manifest rolldown@^1.0.0-rc.5
36 silly packumentCache full:https://registry.npmjs.org/rolldown cache-miss
37 http fetch GET 200 https://registry.npmjs.org/rolldown 131ms (cache miss)
38 silly packumentCache full:https://registry.npmjs.org/rolldown set size:undefined disposed:false
39 silly fetch manifest vite@latest
40 silly packumentCache full:https://registry.npmjs.org/vite cache-miss
41 http fetch GET 200 https://registry.npmjs.org/vite 1520ms (cache miss)
42 silly packumentCache full:https://registry.npmjs.org/vite set size:undefined disposed:false
43 silly fetch manifest @types/node@^20.19.0 || >=22.12.0
44 silly packumentCache full:https://registry.npmjs.org/@types%2fnode cache-miss
45 http fetch GET 200 https://registry.npmjs.org/@types%2fnode 289ms (cache miss)
46 silly packumentCache full:https://registry.npmjs.org/@types%2fnode set size:undefined disposed:false
47 silly fetch manifest @vitejs/devtools@^0.4.0 || ^0.5.0
48 silly packumentCache full:https://registry.npmjs.org/@vitejs%2fdevtools cache-miss
49 http fetch GET 200 https://registry.npmjs.org/@vitejs%2fdevtools 85ms (cache miss)
50 silly packumentCache full:https://registry.npmjs.org/@vitejs%2fdevtools set size:undefined disposed:false
51 silly fetch manifest @vitejs/devtools-oxc@^0.5.2
52 silly packumentCache full:https://registry.npmjs.org/@vitejs%2fdevtools-oxc cache-miss
53 http fetch GET 200 https://registry.npmjs.org/@vitejs%2fdevtools-oxc 57ms (cache miss)
54 silly packumentCache full:https://registry.npmjs.org/@vitejs%2fdevtools-oxc set size:undefined disposed:false
55 silly fetch manifest @vitejs/devtools-rolldown@^0.5.2
56 silly packumentCache full:https://registry.npmjs.org/@vitejs%2fdevtools-rolldown cache-miss
57 http fetch GET 200 https://registry.npmjs.org/@vitejs%2fdevtools-rolldown 107ms (cache miss)
58 silly packumentCache full:https://registry.npmjs.org/@vitejs%2fdevtools-rolldown set size:undefined disposed:false
59 silly fetch manifest @vitejs/devtools-vite@^0.5.2
60 silly packumentCache full:https://registry.npmjs.org/@vitejs%2fdevtools-vite cache-miss
61 http fetch GET 200 https://registry.npmjs.org/@vitejs%2fdevtools-vite 55ms (cache miss)
62 silly packumentCache full:https://registry.npmjs.org/@vitejs%2fdevtools-vite set size:undefined disposed:false
63 silly fetch manifest @vitejs/devtools-vitest@^0.5.2
64 silly packumentCache full:https://registry.npmjs.org/@vitejs%2fdevtools-vitest cache-miss
65 http fetch GET 200 https://registry.npmjs.org/@vitejs%2fdevtools-vitest 68ms (cache miss)
66 silly packumentCache full:https://registry.npmjs.org/@vitejs%2fdevtools-vitest set size:undefined disposed:false
67 silly fetch manifest vitest@*
68 silly packumentCache full:https://registry.npmjs.org/vitest cache-miss
69 http fetch GET 200 https://registry.npmjs.org/vitest 95ms (cache miss)
70 silly packumentCache full:https://registry.npmjs.org/vitest set size:undefined disposed:false
71 silly fetch manifest @edge-runtime/vm@*
72 silly packumentCache full:https://registry.npmjs.org/@edge-runtime%2fvm cache-miss
73 http fetch GET 200 https://registry.npmjs.org/@edge-runtime%2fvm 71ms (cache miss)
74 silly packumentCache full:https://registry.npmjs.org/@edge-runtime%2fvm set size:undefined disposed:false
75 silly fetch manifest @opentelemetry/api@^1.9.0
76 silly packumentCache full:https://registry.npmjs.org/@opentelemetry%2fapi cache-miss
77 http fetch GET 200 https://registry.npmjs.org/@opentelemetry%2fapi 51ms (cache miss)
78 silly packumentCache full:https://registry.npmjs.org/@opentelemetry%2fapi set size:undefined disposed:false
79 silly fetch manifest @vitest/browser-playwright@4.1.11
80 silly packumentCache full:https://registry.npmjs.org/@vitest%2fbrowser-playwright cache-miss
81 http fetch GET 200 https://registry.npmjs.org/@vitest%2fbrowser-playwright 65ms (cache miss)
82 silly packumentCache full:https://registry.npmjs.org/@vitest%2fbrowser-playwright set size:undefined disposed:false
83 silly fetch manifest playwright@*
84 silly packumentCache full:https://registry.npmjs.org/playwright cache-miss
85 http fetch GET 200 https://registry.npmjs.org/playwright 370ms (cache miss)
86 silly packumentCache full:https://registry.npmjs.org/playwright set size:undefined disposed:false
87 silly fetch manifest @vitest/browser-preview@4.1.11
88 silly packumentCache full:https://registry.npmjs.org/@vitest%2fbrowser-preview cache-miss
89 http fetch GET 200 https://registry.npmjs.org/@vitest%2fbrowser-preview 133ms (cache miss)
90 silly packumentCache full:https://registry.npmjs.org/@vitest%2fbrowser-preview set size:undefined disposed:false
91 silly fetch manifest @vitest/browser-webdriverio@4.1.11
92 silly packumentCache full:https://registry.npmjs.org/@vitest%2fbrowser-webdriverio cache-miss
93 http fetch GET 200 https://registry.npmjs.org/@vitest%2fbrowser-webdriverio 51ms (cache miss)
94 silly packumentCache full:https://registry.npmjs.org/@vitest%2fbrowser-webdriverio set size:undefined disposed:false
95 silly fetch manifest webdriverio@*
96 silly packumentCache full:https://registry.npmjs.org/webdriverio cache-miss
97 http fetch GET 200 https://registry.npmjs.org/webdriverio 144ms (cache miss)
98 silly packumentCache full:https://registry.npmjs.org/webdriverio set size:undefined disposed:false
99 silly fetch manifest puppeteer-core@>=22.x <=24.x
100 silly packumentCache full:https://registry.npmjs.org/puppeteer-core cache-miss
101 http fetch GET 200 https://registry.npmjs.org/puppeteer-core 116ms (cache miss)
102 silly packumentCache full:https://registry.npmjs.org/puppeteer-core set size:undefined disposed:false
103 silly fetch manifest @vitest/coverage-istanbul@4.1.11
104 silly packumentCache full:https://registry.npmjs.org/@vitest%2fcoverage-istanbul cache-miss
105 http fetch GET 200 https://registry.npmjs.org/@vitest%2fcoverage-istanbul 92ms (cache miss)
106 silly packumentCache full:https://registry.npmjs.org/@vitest%2fcoverage-istanbul set size:undefined disposed:false
107 silly fetch manifest @vitest/coverage-v8@4.1.11
108 silly packumentCache full:https://registry.npmjs.org/@vitest%2fcoverage-v8 cache-miss
109 http fetch GET 200 https://registry.npmjs.org/@vitest%2fcoverage-v8 67ms (cache miss)
110 silly packumentCache full:https://registry.npmjs.org/@vitest%2fcoverage-v8 set size:undefined disposed:false
111 silly fetch manifest @vitest/browser@4.1.11
112 silly packumentCache full:https://registry.npmjs.org/@vitest%2fbrowser cache-miss
113 http fetch GET 200 https://registry.npmjs.org/@vitest%2fbrowser 127ms (cache miss)
114 silly packumentCache full:https://registry.npmjs.org/@vitest%2fbrowser set size:undefined disposed:false
115 silly fetch manifest @vitest/ui@4.1.11
116 silly packumentCache full:https://registry.npmjs.org/@vitest%2fui cache-miss
117 http fetch GET 200 https://registry.npmjs.org/@vitest%2fui 88ms (cache miss)
118 silly packumentCache full:https://registry.npmjs.org/@vitest%2fui set size:undefined disposed:false
119 silly fetch manifest happy-dom@*
120 silly packumentCache full:https://registry.npmjs.org/happy-dom cache-miss
121 http fetch GET 200 https://registry.npmjs.org/happy-dom 143ms (cache miss)
122 silly packumentCache full:https://registry.npmjs.org/happy-dom set size:undefined disposed:false
123 silly fetch manifest jsdom@*
124 silly packumentCache full:https://registry.npmjs.org/jsdom cache-miss
125 http fetch GET 200 https://registry.npmjs.org/jsdom 74ms (cache miss)
126 silly packumentCache full:https://registry.npmjs.org/jsdom set size:undefined disposed:false
127 silly fetch manifest canvas@^3.2.3
128 silly packumentCache full:https://registry.npmjs.org/canvas cache-miss
129 http fetch GET 200 https://registry.npmjs.org/canvas 73ms (cache miss)
130 silly packumentCache full:https://registry.npmjs.org/canvas set size:undefined disposed:false
131 silly fetch manifest esbuild@^0.27.0 || ^0.28.0
132 silly packumentCache full:https://registry.npmjs.org/esbuild cache-miss
133 http fetch GET 200 https://registry.npmjs.org/esbuild 110ms (cache miss)
134 silly packumentCache full:https://registry.npmjs.org/esbuild set size:undefined disposed:false
135 silly fetch manifest jiti@>=1.21.0
136 silly packumentCache full:https://registry.npmjs.org/jiti cache-miss
137 http fetch GET 200 https://registry.npmjs.org/jiti 83ms (cache miss)
138 silly packumentCache full:https://registry.npmjs.org/jiti set size:undefined disposed:false
139 silly fetch manifest less@^4.0.0
140 silly packumentCache full:https://registry.npmjs.org/less cache-miss
141 http fetch GET 200 https://registry.npmjs.org/less 58ms (cache miss)
142 silly packumentCache full:https://registry.npmjs.org/less set size:undefined disposed:false
143 silly fetch manifest sass@^1.70.0
144 silly packumentCache full:https://registry.npmjs.org/sass cache-miss
145 http fetch GET 200 https://registry.npmjs.org/sass 84ms (cache miss)
146 silly packumentCache full:https://registry.npmjs.org/sass set size:undefined disposed:false
147 silly fetch manifest sass-embedded@^1.70.0
148 silly packumentCache full:https://registry.npmjs.org/sass-embedded cache-miss
149 http fetch GET 200 https://registry.npmjs.org/sass-embedded 52ms (cache miss)
150 silly packumentCache full:https://registry.npmjs.org/sass-embedded set size:undefined disposed:false
151 silly fetch manifest stylus@>=0.54.8
152 silly packumentCache full:https://registry.npmjs.org/stylus cache-miss
153 http fetch GET 200 https://registry.npmjs.org/stylus 68ms (cache miss)
154 silly packumentCache full:https://registry.npmjs.org/stylus set size:undefined disposed:false
155 silly fetch manifest sugarss@^5.0.0
156 silly packumentCache full:https://registry.npmjs.org/sugarss cache-miss
157 http fetch GET 200 https://registry.npmjs.org/sugarss 40ms (cache miss)
158 silly packumentCache full:https://registry.npmjs.org/sugarss set size:undefined disposed:false
159 silly fetch manifest postcss@^8.3.3
160 silly packumentCache full:https://registry.npmjs.org/postcss cache-miss
161 http fetch GET 200 https://registry.npmjs.org/postcss 81ms (cache miss)
162 silly packumentCache full:https://registry.npmjs.org/postcss set size:undefined disposed:false
163 silly fetch manifest terser@^5.16.0
164 silly packumentCache full:https://registry.npmjs.org/terser cache-miss
165 http fetch GET 200 https://registry.npmjs.org/terser 77ms (cache miss)
166 silly packumentCache full:https://registry.npmjs.org/terser set size:undefined disposed:false
167 silly fetch manifest tsx@^4.8.1
168 silly packumentCache full:https://registry.npmjs.org/tsx cache-miss
169 http fetch GET 200 https://registry.npmjs.org/tsx 65ms (cache miss)
170 silly packumentCache full:https://registry.npmjs.org/tsx set size:undefined disposed:false
171 silly fetch manifest yaml@^2.4.2
172 silly packumentCache full:https://registry.npmjs.org/yaml cache-miss
173 http fetch GET 200 https://registry.npmjs.org/yaml 58ms (cache miss)
174 silly packumentCache full:https://registry.npmjs.org/yaml set size:undefined disposed:false
175 silly fetch manifest babel-plugin-react-compiler@^1.0.0
176 silly packumentCache full:https://registry.npmjs.org/babel-plugin-react-compiler cache-miss
177 http fetch GET 200 https://registry.npmjs.org/babel-plugin-react-compiler 85ms (cache miss)
178 silly packumentCache full:https://registry.npmjs.org/babel-plugin-react-compiler set size:undefined disposed:false
179 silly fetch manifest oxc-transform-react@^0.145.0
180 silly packumentCache full:https://registry.npmjs.org/oxc-transform-react cache-miss
181 http fetch GET 200 https://registry.npmjs.org/oxc-transform-react 37ms (cache miss)
182 silly packumentCache full:https://registry.npmjs.org/oxc-transform-react set size:undefined disposed:false
183 silly fetch manifest typescript@latest
184 silly packumentCache full:https://registry.npmjs.org/typescript cache-miss
185 http fetch GET 200 https://registry.npmjs.org/typescript 394ms (cache miss)
186 silly packumentCache full:https://registry.npmjs.org/typescript set size:undefined disposed:false
187 silly fetch manifest react@latest
188 silly packumentCache full:https://registry.npmjs.org/react cache-miss
189 http fetch GET 200 https://registry.npmjs.org/react 230ms (cache miss)
190 silly packumentCache full:https://registry.npmjs.org/react set size:undefined disposed:false
191 silly fetch manifest react-dom@latest
192 silly packumentCache full:https://registry.npmjs.org/react-dom cache-miss
193 http fetch GET 200 https://registry.npmjs.org/react-dom 329ms (cache miss)
194 silly packumentCache full:https://registry.npmjs.org/react-dom set size:undefined disposed:false
195 silly fetch manifest recharts@^3.1.2
196 silly packumentCache full:https://registry.npmjs.org/recharts cache-miss
197 http fetch GET 200 https://registry.npmjs.org/recharts 88ms (cache miss)
198 silly packumentCache full:https://registry.npmjs.org/recharts set size:undefined disposed:false
199 silly fetch manifest react-is@^16.8.0 || ^17.0.0 || ^18.0.0 || ^19.0.0
200 silly packumentCache full:https://registry.npmjs.org/react-is cache-miss
201 http fetch GET 200 https://registry.npmjs.org/react-is 252ms (cache miss)
202 silly packumentCache full:https://registry.npmjs.org/react-is set size:undefined disposed:false
203 silly fetch manifest lucide-react@^0.542.0
204 silly packumentCache full:https://registry.npmjs.org/lucide-react cache-miss
205 http fetch GET 200 https://registry.npmjs.org/lucide-react 106ms (cache miss)
206 silly packumentCache full:https://registry.npmjs.org/lucide-react set size:undefined disposed:false
207 silly fetch manifest @types/react@latest
208 silly packumentCache full:https://registry.npmjs.org/@types%2freact cache-miss
209 http fetch GET 200 https://registry.npmjs.org/@types%2freact 178ms (cache miss)
210 silly packumentCache full:https://registry.npmjs.org/@types%2freact set size:undefined disposed:false
211 silly fetch manifest @types/react-dom@latest
212 silly packumentCache full:https://registry.npmjs.org/@types%2freact-dom cache-miss
213 http fetch GET 200 https://registry.npmjs.org/@types%2freact-dom 80ms (cache miss)
214 silly packumentCache full:https://registry.npmjs.org/@types%2freact-dom set size:undefined disposed:false
215 silly fetch manifest eslint@latest
216 silly packumentCache full:https://registry.npmjs.org/eslint cache-miss
217 http fetch GET 200 https://registry.npmjs.org/eslint 138ms (cache miss)
218 silly packumentCache full:https://registry.npmjs.org/eslint set size:undefined disposed:false
219 silly fetch manifest jiti@*
220 silly packumentCache full:https://registry.npmjs.org/jiti cache-miss
221 http cache https://registry.npmjs.org/jiti 25ms (cache hit)
222 silly packumentCache full:https://registry.npmjs.org/jiti set size:387989 disposed:false
223 silly fetch manifest @eslint/js@latest
224 silly packumentCache full:https://registry.npmjs.org/@eslint%2fjs cache-miss
225 http fetch GET 200 https://registry.npmjs.org/@eslint%2fjs 55ms (cache miss)
226 silly packumentCache full:https://registry.npmjs.org/@eslint%2fjs set size:undefined disposed:false
227 silly fetch manifest typescript-eslint@latest
228 silly packumentCache full:https://registry.npmjs.org/typescript-eslint cache-miss
229 http fetch GET 200 https://registry.npmjs.org/typescript-eslint 251ms (cache miss)
230 silly packumentCache full:https://registry.npmjs.org/typescript-eslint set size:undefined disposed:false
231 silly fetch manifest typescript@>=4.8.4 <6.1.0
232 silly packumentCache full:https://registry.npmjs.org/typescript cache-miss
233 http cache https://registry.npmjs.org/typescript 60ms (cache hit)
234 silly packumentCache full:https://registry.npmjs.org/typescript set size:15626980 disposed:false
235 silly fetch manifest eslint-plugin-react-hooks@latest
236 silly packumentCache full:https://registry.npmjs.org/eslint-plugin-react-hooks cache-miss
237 http fetch GET 200 https://registry.npmjs.org/eslint-plugin-react-hooks 246ms (cache miss)
238 silly packumentCache full:https://registry.npmjs.org/eslint-plugin-react-hooks set size:undefined disposed:false
239 silly fetch manifest eslint-plugin-react-refresh@latest
240 silly packumentCache full:https://registry.npmjs.org/eslint-plugin-react-refresh cache-miss
241 http fetch GET 200 https://registry.npmjs.org/eslint-plugin-react-refresh 77ms (cache miss)
242 silly packumentCache full:https://registry.npmjs.org/eslint-plugin-react-refresh set size:undefined disposed:false
243 silly placeDep ROOT @eslint/js@10.0.1 OK for: finora-web@1.0.0 want: latest
244 silly placeDep ROOT @types/react@19.2.18 OK for: finora-web@1.0.0 want: latest
245 silly placeDep ROOT @types/react-dom@19.2.5 OK for: finora-web@1.0.0 want: latest
246 silly placeDep ROOT @vitejs/plugin-react@6.1.1 OK for: finora-web@1.0.0 want: latest
247 silly placeDep ROOT vite@8.2.2 OK for: @vitejs/plugin-react@6.1.1 want: ^8.0.0
248 silly placeDep ROOT eslint@10.9.1 OK for: finora-web@1.0.0 want: latest
249 silly placeDep ROOT eslint-plugin-react-hooks@7.1.1 OK for: finora-web@1.0.0 want: latest
250 silly placeDep ROOT eslint-plugin-react-refresh@0.5.6 OK for: finora-web@1.0.0 want: latest
251 silly placeDep ROOT lucide-react@0.542.0 OK for: finora-web@1.0.0 want: ^0.542.0
252 silly placeDep ROOT react@19.2.8 OK for: lucide-react@0.542.0 want: ^16.5.1 || ^17.0.0 || ^18.0.0 || ^19.0.0
253 silly placeDep ROOT react-dom@19.2.8 OK for: finora-web@1.0.0 want: latest
254 silly placeDep ROOT recharts@3.10.1 OK for: finora-web@1.0.0 want: ^3.1.2
255 silly placeDep ROOT react-is@19.2.8 OK for: recharts@3.10.1 want: ^16.8.0 || ^17.0.0 || ^18.0.0 || ^19.0.0
256 silly placeDep ROOT typescript@7.0.2 OK for: finora-web@1.0.0 want: latest
257 silly placeDep ROOT typescript-eslint@8.69.0 OK for: finora-web@1.0.0 want: latest
258 silly placeDep ROOT typescript@6.0.3 REPLACE for: typescript-eslint@8.69.0 want: >=4.8.4 <6.1.0
259 silly fetch manifest csstype@^3.2.2
260 silly packumentCache full:https://registry.npmjs.org/csstype cache-miss
261 silly fetch manifest @rolldown/pluginutils@^1.0.1
262 silly packumentCache full:https://registry.npmjs.org/@rolldown%2fpluginutils cache-miss
263 silly fetch manifest postcss@^8.5.26
264 silly packumentCache full:https://registry.npmjs.org/postcss cache-miss
265 silly fetch manifest rolldown@~1.2.4
266 silly packumentCache full:https://registry.npmjs.org/rolldown cache-miss
267 silly fetch manifest picomatch@^4.0.5
268 silly packumentCache full:https://registry.npmjs.org/picomatch cache-miss
269 silly fetch manifest tinyglobby@^0.2.17
270 silly packumentCache full:https://registry.npmjs.org/tinyglobby cache-miss
271 silly fetch manifest lightningcss@^1.33.0
272 silly packumentCache full:https://registry.npmjs.org/lightningcss cache-miss
273 silly fetch manifest fsevents@~2.3.3
274 silly packumentCache full:https://registry.npmjs.org/fsevents cache-miss
275 silly fetch manifest ajv@^6.14.0
276 silly packumentCache full:https://registry.npmjs.org/ajv cache-miss
277 silly fetch manifest debug@^4.3.2
278 silly packumentCache full:https://registry.npmjs.org/debug cache-miss
279 silly fetch manifest espree@^11.2.0
280 silly packumentCache full:https://registry.npmjs.org/espree cache-miss
281 silly fetch manifest ignore@^5.2.0
282 silly packumentCache full:https://registry.npmjs.org/ignore cache-miss
283 silly fetch manifest esquery@^1.7.0
284 silly packumentCache full:https://registry.npmjs.org/esquery cache-miss
285 silly fetch manifest esutils@^2.0.2
286 silly packumentCache full:https://registry.npmjs.org/esutils cache-miss
287 silly fetch manifest find-up@^5.0.0
288 silly packumentCache full:https://registry.npmjs.org/find-up cache-miss
289 http cache https://registry.npmjs.org/postcss 42ms (cache hit)
290 silly packumentCache full:https://registry.npmjs.org/postcss set size:760024 disposed:false
291 silly fetch manifest is-glob@^4.0.0
292 silly packumentCache full:https://registry.npmjs.org/is-glob cache-miss
293 http cache https://registry.npmjs.org/rolldown 85ms (cache hit)
294 silly packumentCache full:https://registry.npmjs.org/rolldown set size:3808254 disposed:false
295 silly fetch manifest minimatch@^10.2.5
296 silly packumentCache full:https://registry.npmjs.org/minimatch cache-miss
297 http fetch GET 200 https://registry.npmjs.org/is-glob 130ms (cache miss)
298 silly packumentCache full:https://registry.npmjs.org/is-glob set size:undefined disposed:false
299 silly fetch manifest optionator@^0.9.3
300 silly packumentCache full:https://registry.npmjs.org/optionator cache-miss
301 http fetch GET 200 https://registry.npmjs.org/csstype 199ms (cache miss)
302 silly packumentCache full:https://registry.npmjs.org/csstype set size:undefined disposed:false
303 silly fetch manifest cross-spawn@^7.0.6
304 silly packumentCache full:https://registry.npmjs.org/cross-spawn cache-miss
305 http fetch GET 200 https://registry.npmjs.org/@rolldown%2fpluginutils 210ms (cache miss)
306 silly packumentCache full:https://registry.npmjs.org/@rolldown%2fpluginutils set size:undefined disposed:false
307 silly fetch manifest glob-parent@^6.0.2
308 silly packumentCache full:https://registry.npmjs.org/glob-parent cache-miss
309 http fetch GET 200 https://registry.npmjs.org/tinyglobby 230ms (cache miss)
310 silly packumentCache full:https://registry.npmjs.org/tinyglobby set size:undefined disposed:false
311 silly fetch manifest imurmurhash@^0.1.4
312 silly packumentCache full:https://registry.npmjs.org/imurmurhash cache-miss
313 http fetch GET 200 https://registry.npmjs.org/esutils 239ms (cache miss)
314 silly packumentCache full:https://registry.npmjs.org/esutils set size:undefined disposed:false
315 silly fetch manifest @eslint/core@^1.2.1
316 silly packumentCache full:https://registry.npmjs.org/@eslint%2fcore cache-miss
317 http fetch GET 200 https://registry.npmjs.org/find-up 244ms (cache miss)
318 silly packumentCache full:https://registry.npmjs.org/find-up set size:undefined disposed:false
319 silly fetch manifest eslint-scope@^9.1.2
320 silly packumentCache full:https://registry.npmjs.org/eslint-scope cache-miss
321 http fetch GET 200 https://registry.npmjs.org/optionator 74ms (cache miss)
322 silly packumentCache full:https://registry.npmjs.org/optionator set size:undefined disposed:false
323 silly fetch manifest @humanfs/node@^0.16.6
324 silly packumentCache full:https://registry.npmjs.org/@humanfs%2fnode cache-miss
325 http fetch GET 200 https://registry.npmjs.org/picomatch 259ms (cache miss)
326 silly packumentCache full:https://registry.npmjs.org/picomatch set size:undefined disposed:false
327 silly fetch manifest @types/estree@^1.0.6
328 silly packumentCache full:https://registry.npmjs.org/@types%2festree cache-miss
329 http fetch GET 200 https://registry.npmjs.org/minimatch 156ms (cache miss)
330 silly packumentCache full:https://registry.npmjs.org/minimatch set size:undefined disposed:false
331 silly fetch manifest fast-deep-equal@^3.1.3
332 silly packumentCache full:https://registry.npmjs.org/fast-deep-equal cache-miss
333 http fetch GET 200 https://registry.npmjs.org/esquery 268ms (cache miss)
334 silly packumentCache full:https://registry.npmjs.org/esquery set size:undefined disposed:false
335 silly fetch manifest natural-compare@^1.4.0
336 silly packumentCache full:https://registry.npmjs.org/natural-compare cache-miss
337 http fetch GET 200 https://registry.npmjs.org/lightningcss 273ms (cache miss)
338 silly packumentCache full:https://registry.npmjs.org/lightningcss set size:undefined disposed:false
339 silly fetch manifest file-entry-cache@^8.0.0
340 silly packumentCache full:https://registry.npmjs.org/file-entry-cache cache-miss
341 http fetch GET 200 https://registry.npmjs.org/fsevents 278ms (cache miss)
342 silly packumentCache full:https://registry.npmjs.org/fsevents set size:undefined disposed:false
343 silly fetch manifest @eslint/plugin-kit@^0.7.2
344 silly packumentCache full:https://registry.npmjs.org/@eslint%2fplugin-kit cache-miss
345 http fetch GET 200 https://registry.npmjs.org/debug 289ms (cache miss)
346 silly packumentCache full:https://registry.npmjs.org/debug set size:undefined disposed:false
347 silly fetch manifest eslint-visitor-keys@^5.0.1
348 silly packumentCache full:https://registry.npmjs.org/eslint-visitor-keys cache-miss
349 http fetch GET 200 https://registry.npmjs.org/espree 315ms (cache miss)
350 silly packumentCache full:https://registry.npmjs.org/espree set size:undefined disposed:false
351 silly fetch manifest @eslint/config-array@^0.23.5
352 silly packumentCache full:https://registry.npmjs.org/@eslint%2fconfig-array cache-miss
353 http fetch GET 200 https://registry.npmjs.org/glob-parent 109ms (cache miss)
354 silly packumentCache full:https://registry.npmjs.org/glob-parent set size:undefined disposed:false
355 silly fetch manifest @humanwhocodes/retry@^0.4.2
356 silly packumentCache full:https://registry.npmjs.org/@humanwhocodes%2fretry cache-miss
357 http fetch GET 200 https://registry.npmjs.org/cross-spawn 126ms (cache miss)
358 silly packumentCache full:https://registry.npmjs.org/cross-spawn set size:undefined disposed:false
359 silly fetch manifest escape-string-regexp@^4.0.0
360 silly packumentCache full:https://registry.npmjs.org/escape-string-regexp cache-miss
361 http fetch GET 200 https://registry.npmjs.org/imurmurhash 102ms (cache miss)
362 silly packumentCache full:https://registry.npmjs.org/imurmurhash set size:undefined disposed:false
363 silly fetch manifest @eslint/config-helpers@^0.7.0
364 silly packumentCache full:https://registry.npmjs.org/@eslint%2fconfig-helpers cache-miss
365 http fetch GET 200 https://registry.npmjs.org/ignore 338ms (cache miss)
366 silly packumentCache full:https://registry.npmjs.org/ignore set size:undefined disposed:false
367 silly fetch manifest @eslint-community/regexpp@^4.12.2
368 silly packumentCache full:https://registry.npmjs.org/@eslint-community%2fregexpp cache-miss
369 http fetch GET 200 https://registry.npmjs.org/eslint-scope 100ms (cache miss)
370 silly packumentCache full:https://registry.npmjs.org/eslint-scope set size:undefined disposed:false
371 silly fetch manifest @eslint-community/eslint-utils@^4.8.0
372 silly packumentCache full:https://registry.npmjs.org/@eslint-community%2feslint-utils cache-miss
373 http fetch GET 200 https://registry.npmjs.org/natural-compare 79ms (cache miss)
374 silly packumentCache full:https://registry.npmjs.org/natural-compare set size:undefined disposed:false
375 silly fetch manifest @humanwhocodes/module-importer@^1.0.1
376 silly packumentCache full:https://registry.npmjs.org/@humanwhocodes%2fmodule-importer cache-miss
377 http fetch GET 200 https://registry.npmjs.org/@humanfs%2fnode 101ms (cache miss)
378 silly packumentCache full:https://registry.npmjs.org/@humanfs%2fnode set size:undefined disposed:false
379 silly fetch manifest json-stable-stringify-without-jsonify@^1.0.1
380 silly packumentCache full:https://registry.npmjs.org/json-stable-stringify-without-jsonify cache-miss
381 http fetch GET 200 https://registry.npmjs.org/@eslint%2fcore 120ms (cache miss)
382 silly packumentCache full:https://registry.npmjs.org/@eslint%2fcore set size:undefined disposed:false
383 silly fetch manifest zod@^3.25.0 || ^4.0.0
384 silly packumentCache full:https://registry.npmjs.org/zod cache-miss
385 http fetch GET 200 https://registry.npmjs.org/file-entry-cache 95ms (cache miss)
386 silly packumentCache full:https://registry.npmjs.org/file-entry-cache set size:undefined disposed:false
387 silly fetch manifest @babel/core@^7.24.4
388 silly packumentCache full:https://registry.npmjs.org/@babel%2fcore cache-miss
389 http fetch GET 200 https://registry.npmjs.org/fast-deep-equal 107ms (cache miss)
390 silly packumentCache full:https://registry.npmjs.org/fast-deep-equal set size:undefined disposed:false
391 silly fetch manifest @babel/parser@^7.24.4
392 silly packumentCache full:https://registry.npmjs.org/@babel%2fparser cache-miss
393 http fetch GET 200 https://registry.npmjs.org/eslint-visitor-keys 85ms (cache miss)
394 silly packumentCache full:https://registry.npmjs.org/eslint-visitor-keys set size:undefined disposed:false
395 silly fetch manifest hermes-parser@^0.25.1
396 silly packumentCache full:https://registry.npmjs.org/hermes-parser cache-miss
397 http fetch GET 200 https://registry.npmjs.org/@types%2festree 120ms (cache miss)
398 silly packumentCache full:https://registry.npmjs.org/@types%2festree set size:undefined disposed:false
399 silly fetch manifest zod-validation-error@^3.5.0 || ^4.0.0
400 silly packumentCache full:https://registry.npmjs.org/zod-validation-error cache-miss
401 http fetch GET 200 https://registry.npmjs.org/@eslint%2fplugin-kit 113ms (cache miss)
402 silly packumentCache full:https://registry.npmjs.org/@eslint%2fplugin-kit set size:undefined disposed:false
403 silly fetch manifest scheduler@^0.27.0
404 silly packumentCache full:https://registry.npmjs.org/scheduler cache-miss
405 http fetch GET 200 https://registry.npmjs.org/escape-string-regexp 71ms (cache miss)
406 silly packumentCache full:https://registry.npmjs.org/escape-string-regexp set size:undefined disposed:false
407 silly fetch manifest clsx@^2.1.1
408 silly packumentCache full:https://registry.npmjs.org/clsx cache-miss
409 http cache https://registry.npmjs.org/@babel%2fcore 35ms (cache hit)
410 silly packumentCache full:https://registry.npmjs.org/@babel%2fcore set size:788273 disposed:false
411 silly fetch manifest immer@^11.1.8
412 silly packumentCache full:https://registry.npmjs.org/immer cache-miss
413 http fetch GET 200 https://registry.npmjs.org/@humanwhocodes%2fretry 102ms (cache miss)
414 silly packumentCache full:https://registry.npmjs.org/@humanwhocodes%2fretry set size:undefined disposed:false
415 silly fetch manifest reselect@5.2.0
416 silly packumentCache full:https://registry.npmjs.org/reselect cache-miss
417 http fetch GET 200 https://registry.npmjs.org/json-stable-stringify-without-jsonify 72ms (cache miss)
418 silly packumentCache full:https://registry.npmjs.org/json-stable-stringify-without-jsonify set size:undefined disposed:false
419 silly fetch manifest es-toolkit@^1.39.3
420 silly packumentCache full:https://registry.npmjs.org/es-toolkit cache-miss
421 http fetch GET 200 https://registry.npmjs.org/@humanwhocodes%2fmodule-importer 82ms (cache miss)
422 silly packumentCache full:https://registry.npmjs.org/@humanwhocodes%2fmodule-importer set size:undefined disposed:false
423 silly fetch manifest react-redux@8.x.x || 9.x.x
424 silly packumentCache full:https://registry.npmjs.org/react-redux cache-miss
425 http fetch GET 200 https://registry.npmjs.org/@eslint%2fconfig-array 121ms (cache miss)
426 silly packumentCache full:https://registry.npmjs.org/@eslint%2fconfig-array set size:undefined disposed:false
427 silly fetch manifest eventemitter3@^5.0.1
428 silly packumentCache full:https://registry.npmjs.org/eventemitter3 cache-miss
429 http fetch GET 200 https://registry.npmjs.org/@eslint-community%2fregexpp 100ms (cache miss)
430 silly packumentCache full:https://registry.npmjs.org/@eslint-community%2fregexpp set size:undefined disposed:false
431 silly fetch manifest tiny-invariant@^1.3.3
432 silly packumentCache full:https://registry.npmjs.org/tiny-invariant cache-miss
433 http fetch GET 200 https://registry.npmjs.org/@eslint%2fconfig-helpers 113ms (cache miss)
434 silly packumentCache full:https://registry.npmjs.org/@eslint%2fconfig-helpers set size:undefined disposed:false
435 silly fetch manifest victory-vendor@^37.0.2
436 silly packumentCache full:https://registry.npmjs.org/victory-vendor cache-miss
437 http fetch GET 200 https://registry.npmjs.org/ajv 455ms (cache miss)
438 silly packumentCache full:https://registry.npmjs.org/ajv set size:undefined disposed:false
439 silly fetch manifest @reduxjs/toolkit@^1.9.0 || 2.x.x
440 silly packumentCache full:https://registry.npmjs.org/@reduxjs%2ftoolkit cache-miss
441 http fetch GET 200 https://registry.npmjs.org/clsx 70ms (cache miss)
442 silly packumentCache full:https://registry.npmjs.org/clsx set size:undefined disposed:false
443 silly fetch manifest decimal.js-light@^2.5.1
444 silly packumentCache full:https://registry.npmjs.org/decimal.js-light cache-miss
445 http fetch GET 200 https://registry.npmjs.org/@eslint-community%2feslint-utils 124ms (cache miss)
446 silly packumentCache full:https://registry.npmjs.org/@eslint-community%2feslint-utils set size:undefined disposed:false
447 silly fetch manifest use-sync-external-store@^1.2.2
448 silly packumentCache full:https://registry.npmjs.org/use-sync-external-store cache-miss
449 http fetch GET 200 https://registry.npmjs.org/zod-validation-error 102ms (cache miss)
450 silly packumentCache full:https://registry.npmjs.org/zod-validation-error set size:undefined disposed:false
451 silly fetch manifest @typescript/typescript-aix-ppc64@7.0.2
452 silly packumentCache full:https://registry.npmjs.org/@typescript%2ftypescript-aix-ppc64 cache-miss
453 http fetch GET 200 https://registry.npmjs.org/hermes-parser 115ms (cache miss)
454 silly packumentCache full:https://registry.npmjs.org/hermes-parser set size:undefined disposed:false
455 silly fetch manifest @typescript/typescript-linux-arm@7.0.2
456 silly packumentCache full:https://registry.npmjs.org/@typescript%2ftypescript-linux-arm cache-miss
457 http fetch GET 200 https://registry.npmjs.org/eventemitter3 83ms (cache miss)
458 silly packumentCache full:https://registry.npmjs.org/eventemitter3 set size:undefined disposed:false
459 silly fetch manifest @typescript/typescript-linux-x64@7.0.2
460 silly packumentCache full:https://registry.npmjs.org/@typescript%2ftypescript-linux-x64 cache-miss
461 http fetch GET 200 https://registry.npmjs.org/tiny-invariant 92ms (cache miss)
462 silly packumentCache full:https://registry.npmjs.org/tiny-invariant set size:undefined disposed:false
463 silly fetch manifest @typescript/typescript-sunos-x64@7.0.2
464 silly packumentCache full:https://registry.npmjs.org/@typescript%2ftypescript-sunos-x64 cache-miss
465 http fetch GET 200 https://registry.npmjs.org/reselect 130ms (cache miss)
466 silly packumentCache full:https://registry.npmjs.org/reselect set size:undefined disposed:false
467 silly fetch manifest @typescript/typescript-win32-x64@7.0.2
468 silly packumentCache full:https://registry.npmjs.org/@typescript%2ftypescript-win32-x64 cache-miss
469 http fetch GET 200 https://registry.npmjs.org/victory-vendor 110ms (cache miss)
470 silly packumentCache full:https://registry.npmjs.org/victory-vendor set size:undefined disposed:false
471 silly fetch manifest @typescript/typescript-darwin-x64@7.0.2
472 silly packumentCache full:https://registry.npmjs.org/@typescript%2ftypescript-darwin-x64 cache-miss
473 http fetch GET 200 https://registry.npmjs.org/@typescript%2ftypescript-aix-ppc64 79ms (cache miss)
474 silly packumentCache full:https://registry.npmjs.org/@typescript%2ftypescript-aix-ppc64 set size:undefined disposed:false
475 silly fetch manifest @typescript/typescript-netbsd-x64@7.0.2
476 silly packumentCache full:https://registry.npmjs.org/@typescript%2ftypescript-netbsd-x64 cache-miss
477 http fetch GET 200 https://registry.npmjs.org/decimal.js-light 105ms (cache miss)
478 silly packumentCache full:https://registry.npmjs.org/decimal.js-light set size:undefined disposed:false
479 silly fetch manifest @typescript/typescript-freebsd-x64@7.0.2
480 silly packumentCache full:https://registry.npmjs.org/@typescript%2ftypescript-freebsd-x64 cache-miss
481 http fetch GET 200 https://registry.npmjs.org/@babel%2fparser 211ms (cache miss)
482 silly packumentCache full:https://registry.npmjs.org/@babel%2fparser set size:undefined disposed:false
483 silly fetch manifest @typescript/typescript-linux-arm64@7.0.2
484 silly packumentCache full:https://registry.npmjs.org/@typescript%2ftypescript-linux-arm64 cache-miss
485 http fetch GET 200 https://registry.npmjs.org/@reduxjs%2ftoolkit 137ms (cache miss)
486 silly packumentCache full:https://registry.npmjs.org/@reduxjs%2ftoolkit set size:undefined disposed:false
487 silly fetch manifest @typescript/typescript-linux-ppc64@7.0.2
488 silly packumentCache full:https://registry.npmjs.org/@typescript%2ftypescript-linux-ppc64 cache-miss
489 http fetch GET 200 https://registry.npmjs.org/@typescript%2ftypescript-linux-arm 112ms (cache miss)
490 silly packumentCache full:https://registry.npmjs.org/@typescript%2ftypescript-linux-arm set size:undefined disposed:false
491 silly fetch manifest @typescript/typescript-linux-s390x@7.0.2
492 silly packumentCache full:https://registry.npmjs.org/@typescript%2ftypescript-linux-s390x cache-miss
493 http fetch GET 200 https://registry.npmjs.org/@typescript%2ftypescript-linux-x64 99ms (cache miss)
494 silly packumentCache full:https://registry.npmjs.org/@typescript%2ftypescript-linux-x64 set size:undefined disposed:false
495 silly fetch manifest @typescript/typescript-openbsd-x64@7.0.2
496 silly packumentCache full:https://registry.npmjs.org/@typescript%2ftypescript-openbsd-x64 cache-miss
497 http fetch GET 200 https://registry.npmjs.org/react-redux 194ms (cache miss)
498 silly packumentCache full:https://registry.npmjs.org/react-redux set size:undefined disposed:false
499 silly fetch manifest @typescript/typescript-win32-arm64@7.0.2
500 silly packumentCache full:https://registry.npmjs.org/@typescript%2ftypescript-win32-arm64 cache-miss
501 http fetch GET 200 https://registry.npmjs.org/immer 230ms (cache miss)
502 silly packumentCache full:https://registry.npmjs.org/immer set size:undefined disposed:false
503 silly fetch manifest @typescript/typescript-darwin-arm64@7.0.2
504 silly packumentCache full:https://registry.npmjs.org/@typescript%2ftypescript-darwin-arm64 cache-miss
505 http fetch GET 200 https://registry.npmjs.org/@typescript%2ftypescript-freebsd-x64 88ms (cache miss)
506 silly packumentCache full:https://registry.npmjs.org/@typescript%2ftypescript-freebsd-x64 set size:undefined disposed:false
507 silly fetch manifest @typescript/typescript-netbsd-arm64@7.0.2
508 silly packumentCache full:https://registry.npmjs.org/@typescript%2ftypescript-netbsd-arm64 cache-miss
509 http fetch GET 200 https://registry.npmjs.org/@typescript%2ftypescript-darwin-x64 116ms (cache miss)
510 silly packumentCache full:https://registry.npmjs.org/@typescript%2ftypescript-darwin-x64 set size:undefined disposed:false
511 silly fetch manifest @typescript/typescript-freebsd-arm64@7.0.2
512 silly packumentCache full:https://registry.npmjs.org/@typescript%2ftypescript-freebsd-arm64 cache-miss
513 http fetch GET 200 https://registry.npmjs.org/@typescript%2ftypescript-netbsd-x64 120ms (cache miss)
514 silly packumentCache full:https://registry.npmjs.org/@typescript%2ftypescript-netbsd-x64 set size:undefined disposed:false
515 silly fetch manifest @typescript/typescript-linux-loong64@7.0.2
516 silly packumentCache full:https://registry.npmjs.org/@typescript%2ftypescript-linux-loong64 cache-miss
517 http fetch GET 200 https://registry.npmjs.org/@typescript%2ftypescript-win32-x64 130ms (cache miss)
518 silly packumentCache full:https://registry.npmjs.org/@typescript%2ftypescript-win32-x64 set size:undefined disposed:false
519 silly fetch manifest @typescript/typescript-linux-riscv64@7.0.2
520 silly packumentCache full:https://registry.npmjs.org/@typescript%2ftypescript-linux-riscv64 cache-miss
521 http fetch GET 200 https://registry.npmjs.org/@typescript%2ftypescript-linux-arm64 103ms (cache miss)
522 silly packumentCache full:https://registry.npmjs.org/@typescript%2ftypescript-linux-arm64 set size:undefined disposed:false
523 silly fetch manifest @typescript/typescript-openbsd-arm64@7.0.2
524 silly packumentCache full:https://registry.npmjs.org/@typescript%2ftypescript-openbsd-arm64 cache-miss
525 http fetch GET 200 https://registry.npmjs.org/@typescript%2ftypescript-linux-ppc64 98ms (cache miss)
526 silly packumentCache full:https://registry.npmjs.org/@typescript%2ftypescript-linux-ppc64 set size:undefined disposed:false
527 silly fetch manifest @typescript/typescript-linux-mips64el@7.0.2
528 silly packumentCache full:https://registry.npmjs.org/@typescript%2ftypescript-linux-mips64el cache-miss
529 http fetch GET 200 https://registry.npmjs.org/@typescript%2ftypescript-linux-s390x 102ms (cache miss)
530 silly packumentCache full:https://registry.npmjs.org/@typescript%2ftypescript-linux-s390x set size:undefined disposed:false
531 silly fetch manifest @typescript-eslint/utils@8.69.0
532 silly packumentCache full:https://registry.npmjs.org/@typescript-eslint%2futils cache-miss
533 http fetch GET 200 https://registry.npmjs.org/@typescript%2ftypescript-openbsd-x64 99ms (cache miss)
534 silly packumentCache full:https://registry.npmjs.org/@typescript%2ftypescript-openbsd-x64 set size:undefined disposed:false
535 silly fetch manifest @typescript-eslint/parser@8.69.0
536 silly packumentCache full:https://registry.npmjs.org/@typescript-eslint%2fparser cache-miss
537 http fetch GET 200 https://registry.npmjs.org/@typescript%2ftypescript-darwin-arm64 81ms (cache miss)
538 silly packumentCache full:https://registry.npmjs.org/@typescript%2ftypescript-darwin-arm64 set size:undefined disposed:false
539 silly fetch manifest @typescript-eslint/eslint-plugin@8.69.0
540 silly packumentCache full:https://registry.npmjs.org/@typescript-eslint%2feslint-plugin cache-miss
541 http fetch GET 200 https://registry.npmjs.org/@typescript%2ftypescript-netbsd-arm64 68ms (cache miss)
542 silly packumentCache full:https://registry.npmjs.org/@typescript%2ftypescript-netbsd-arm64 set size:undefined disposed:false
543 silly fetch manifest @typescript-eslint/typescript-estree@8.69.0
544 silly packumentCache full:https://registry.npmjs.org/@typescript-eslint%2ftypescript-estree cache-miss
545 http fetch GET 200 https://registry.npmjs.org/@typescript%2ftypescript-win32-arm64 106ms (cache miss)
546 silly packumentCache full:https://registry.npmjs.org/@typescript%2ftypescript-win32-arm64 set size:undefined disposed:false
547 http fetch GET 200 https://registry.npmjs.org/@typescript%2ftypescript-freebsd-arm64 71ms (cache miss)
548 silly packumentCache full:https://registry.npmjs.org/@typescript%2ftypescript-freebsd-arm64 set size:undefined disposed:false
549 http fetch GET 200 https://registry.npmjs.org/@typescript%2ftypescript-linux-loong64 71ms (cache miss)
550 silly packumentCache full:https://registry.npmjs.org/@typescript%2ftypescript-linux-loong64 set size:undefined disposed:false
551 http fetch GET 200 https://registry.npmjs.org/@typescript%2ftypescript-linux-riscv64 77ms (cache miss)
552 silly packumentCache full:https://registry.npmjs.org/@typescript%2ftypescript-linux-riscv64 set size:undefined disposed:false
553 http fetch GET 200 https://registry.npmjs.org/@typescript%2ftypescript-linux-mips64el 65ms (cache miss)
554 silly packumentCache full:https://registry.npmjs.org/@typescript%2ftypescript-linux-mips64el set size:undefined disposed:false
555 http fetch GET 200 https://registry.npmjs.org/@typescript%2ftypescript-sunos-x64 316ms (cache miss)
556 silly packumentCache full:https://registry.npmjs.org/@typescript%2ftypescript-sunos-x64 set size:undefined disposed:false
557 http fetch GET 200 https://registry.npmjs.org/zod 488ms (cache miss)
558 silly packumentCache full:https://registry.npmjs.org/zod set size:undefined disposed:false
559 http fetch GET 200 https://registry.npmjs.org/@typescript%2ftypescript-openbsd-arm64 250ms (cache miss)
560 silly packumentCache full:https://registry.npmjs.org/@typescript%2ftypescript-openbsd-arm64 set size:undefined disposed:false
561 http fetch GET 200 https://registry.npmjs.org/use-sync-external-store 479ms (cache miss)
562 silly packumentCache full:https://registry.npmjs.org/use-sync-external-store set size:undefined disposed:false
563 http fetch GET 200 https://registry.npmjs.org/scheduler 627ms (cache miss)
564 silly packumentCache full:https://registry.npmjs.org/scheduler set size:undefined disposed:false
565 http fetch GET 200 https://registry.npmjs.org/es-toolkit 840ms (cache miss)
566 silly packumentCache full:https://registry.npmjs.org/es-toolkit set size:undefined disposed:false
567 http fetch GET 200 https://registry.npmjs.org/@typescript-eslint%2futils 737ms (cache miss)
568 silly packumentCache full:https://registry.npmjs.org/@typescript-eslint%2futils set size:undefined disposed:false
569 http fetch GET 200 https://registry.npmjs.org/@typescript-eslint%2fparser 894ms (cache miss)
570 silly packumentCache full:https://registry.npmjs.org/@typescript-eslint%2fparser set size:undefined disposed:false
571 http fetch GET 200 https://registry.npmjs.org/@typescript-eslint%2ftypescript-estree 1023ms (cache miss)
572 silly packumentCache full:https://registry.npmjs.org/@typescript-eslint%2ftypescript-estree set size:undefined disposed:false
573 http fetch GET 200 https://registry.npmjs.org/@typescript-eslint%2feslint-plugin 1179ms (cache miss)
574 silly packumentCache full:https://registry.npmjs.org/@typescript-eslint%2feslint-plugin set size:undefined disposed:false
575 silly placeDep ROOT csstype@3.2.3 OK for: @types/react@19.2.18 want: ^3.2.2
576 silly placeDep ROOT @rolldown/pluginutils@1.0.1 OK for: @vitejs/plugin-react@6.1.1 want: ^1.0.1
577 silly fetch manifest eslint@^6.0.0 || ^7.0.0 || >=8.0.0
578 silly packumentCache full:https://registry.npmjs.org/eslint cache-miss
579 http cache https://registry.npmjs.org/eslint 36ms (cache hit)
580 silly packumentCache full:https://registry.npmjs.org/eslint set size:2070000 disposed:false
581 silly placeDep ROOT @eslint-community/eslint-utils@4.10.1 OK for: eslint@10.9.1 want: ^4.8.0
582 silly placeDep ROOT @eslint-community/regexpp@4.12.2 OK for: eslint@10.9.1 want: ^4.12.2
583 silly placeDep ROOT @eslint/config-array@0.23.5 OK for: eslint@10.9.1 want: ^0.23.5
584 silly placeDep ROOT @eslint/config-helpers@0.7.0 OK for: eslint@10.9.1 want: ^0.7.0
585 silly placeDep ROOT @eslint/core@1.2.1 OK for: eslint@10.9.1 want: ^1.2.1
586 silly placeDep ROOT @eslint/plugin-kit@0.7.2 OK for: eslint@10.9.1 want: ^0.7.2
587 silly placeDep ROOT @humanfs/node@0.16.8 OK for: eslint@10.9.1 want: ^0.16.6
588 silly placeDep ROOT @humanwhocodes/module-importer@1.0.1 OK for: eslint@10.9.1 want: ^1.0.1
589 silly placeDep ROOT @humanwhocodes/retry@0.4.3 OK for: eslint@10.9.1 want: ^0.4.2
590 silly placeDep ROOT @types/estree@1.0.9 OK for: eslint@10.9.1 want: ^1.0.6
591 silly placeDep ROOT ajv@6.15.0 OK for: eslint@10.9.1 want: ^6.14.0
592 silly placeDep ROOT cross-spawn@7.0.6 OK for: eslint@10.9.1 want: ^7.0.6
593 silly placeDep ROOT debug@4.4.3 OK for: eslint@10.9.1 want: ^4.3.2
594 silly placeDep ROOT escape-string-regexp@4.0.0 OK for: eslint@10.9.1 want: ^4.0.0
595 silly placeDep ROOT eslint-scope@9.1.2 OK for: eslint@10.9.1 want: ^9.1.2
596 silly placeDep ROOT eslint-visitor-keys@5.0.1 OK for: eslint@10.9.1 want: ^5.0.1
597 silly placeDep ROOT espree@11.2.0 OK for: eslint@10.9.1 want: ^11.2.0
598 silly placeDep ROOT esquery@1.7.0 OK for: eslint@10.9.1 want: ^1.7.0
599 silly placeDep ROOT esutils@2.0.3 OK for: eslint@10.9.1 want: ^2.0.2
600 silly placeDep ROOT fast-deep-equal@3.1.3 OK for: eslint@10.9.1 want: ^3.1.3
601 silly placeDep ROOT file-entry-cache@8.0.0 OK for: eslint@10.9.1 want: ^8.0.0
602 silly placeDep ROOT find-up@5.0.0 OK for: eslint@10.9.1 want: ^5.0.0
603 silly placeDep ROOT glob-parent@6.0.2 OK for: eslint@10.9.1 want: ^6.0.2
604 silly placeDep ROOT ignore@5.3.2 OK for: eslint@10.9.1 want: ^5.2.0
605 silly placeDep ROOT imurmurhash@0.1.4 OK for: eslint@10.9.1 want: ^0.1.4
606 silly placeDep ROOT is-glob@4.0.3 OK for: eslint@10.9.1 want: ^4.0.0
607 silly placeDep ROOT json-stable-stringify-without-jsonify@1.0.1 OK for: eslint@10.9.1 want: ^1.0.1
608 silly placeDep ROOT minimatch@10.2.6 OK for: eslint@10.9.1 want: ^10.2.5
609 silly placeDep ROOT natural-compare@1.4.0 OK for: eslint@10.9.1 want: ^1.4.0
610 silly placeDep ROOT optionator@0.9.4 OK for: eslint@10.9.1 want: ^0.9.3
611 silly fetch manifest eslint-visitor-keys@^3.4.3
612 silly packumentCache full:https://registry.npmjs.org/eslint-visitor-keys cache-miss
613 silly fetch manifest @eslint/object-schema@^3.0.5
614 silly packumentCache full:https://registry.npmjs.org/@eslint%2fobject-schema cache-miss
615 silly fetch manifest debug@^4.3.1
616 silly packumentCache full:https://registry.npmjs.org/debug cache-miss
617 silly fetch manifest minimatch@^10.2.4
618 silly packumentCache full:https://registry.npmjs.org/minimatch cache-miss
619 silly fetch manifest @types/json-schema@^7.0.15
620 silly packumentCache full:https://registry.npmjs.org/@types%2fjson-schema cache-miss
621 silly fetch manifest levn@^0.4.1
622 silly packumentCache full:https://registry.npmjs.org/levn cache-miss
623 silly fetch manifest @humanwhocodes/retry@^0.4.0
624 silly packumentCache full:https://registry.npmjs.org/@humanwhocodes%2fretry cache-miss
625 silly fetch manifest @humanfs/core@^0.19.2
626 silly packumentCache full:https://registry.npmjs.org/@humanfs%2fcore cache-miss
627 silly fetch manifest @humanfs/types@^0.15.0
628 silly packumentCache full:https://registry.npmjs.org/@humanfs%2ftypes cache-miss
629 silly fetch manifest uri-js@^4.2.2
630 silly packumentCache full:https://registry.npmjs.org/uri-js cache-miss
631 silly fetch manifest fast-deep-equal@^3.1.1
632 silly packumentCache full:https://registry.npmjs.org/fast-deep-equal cache-miss
633 silly fetch manifest json-schema-traverse@^0.4.1
634 silly packumentCache full:https://registry.npmjs.org/json-schema-traverse cache-miss
635 silly fetch manifest fast-json-stable-stringify@^2.0.0
636 silly packumentCache full:https://registry.npmjs.org/fast-json-stable-stringify cache-miss
637 silly fetch manifest which@^2.0.1
638 silly packumentCache full:https://registry.npmjs.org/which cache-miss
639 silly fetch manifest path-key@^3.1.0
640 silly packumentCache full:https://registry.npmjs.org/path-key cache-miss
641 http cache https://registry.npmjs.org/eslint-visitor-keys 26ms (cache hit)
642 silly packumentCache full:https://registry.npmjs.org/eslint-visitor-keys set size:69949 disposed:false
643 silly fetch manifest shebang-command@^2.0.0
644 silly packumentCache full:https://registry.npmjs.org/shebang-command cache-miss
645 http cache https://registry.npmjs.org/debug 28ms (cache hit)
646 silly packumentCache full:https://registry.npmjs.org/debug set size:195840 disposed:false
647 silly fetch manifest ms@^2.1.3
648 silly packumentCache full:https://registry.npmjs.org/ms cache-miss
649 http cache https://registry.npmjs.org/@humanwhocodes%2fretry 33ms (cache hit)
650 silly packumentCache full:https://registry.npmjs.org/@humanwhocodes%2fretry set size:42348 disposed:false
651 silly fetch manifest @types/esrecurse@^4.3.1
652 silly packumentCache full:https://registry.npmjs.org/@types%2fesrecurse cache-miss
653 http cache https://registry.npmjs.org/minimatch 36ms (cache hit)
654 silly packumentCache full:https://registry.npmjs.org/minimatch set size:377924 disposed:false
655 silly fetch manifest esrecurse@^4.3.0
656 silly packumentCache full:https://registry.npmjs.org/esrecurse cache-miss
657 http cache https://registry.npmjs.org/fast-deep-equal 48ms (cache hit)
658 silly packumentCache full:https://registry.npmjs.org/fast-deep-equal set size:48634 disposed:false
659 silly fetch manifest estraverse@^5.2.0
660 silly packumentCache full:https://registry.npmjs.org/estraverse cache-miss
661 http fetch GET 200 https://registry.npmjs.org/@humanfs%2ftypes 91ms (cache miss)
662 silly packumentCache full:https://registry.npmjs.org/@humanfs%2ftypes set size:undefined disposed:false
663 silly fetch manifest acorn@^8.16.0
664 silly packumentCache full:https://registry.npmjs.org/acorn cache-miss
665 http fetch GET 200 https://registry.npmjs.org/json-schema-traverse 92ms (cache miss)
666 silly packumentCache full:https://registry.npmjs.org/json-schema-traverse set size:undefined disposed:false
667 silly fetch manifest acorn-jsx@^5.3.2
668 silly packumentCache full:https://registry.npmjs.org/acorn-jsx cache-miss
669 http fetch GET 200 https://registry.npmjs.org/@types%2fesrecurse 63ms (cache miss)
670 silly packumentCache full:https://registry.npmjs.org/@types%2fesrecurse set size:undefined disposed:false
671 silly fetch manifest estraverse@^5.1.0
672 silly packumentCache full:https://registry.npmjs.org/estraverse cache-miss
673 http fetch GET 200 https://registry.npmjs.org/uri-js 100ms (cache miss)
674 silly packumentCache full:https://registry.npmjs.org/uri-js set size:undefined disposed:false
675 silly fetch manifest flat-cache@^4.0.0
676 silly packumentCache full:https://registry.npmjs.org/flat-cache cache-miss
677 http fetch GET 200 https://registry.npmjs.org/@humanfs%2fcore 104ms (cache miss)
678 silly packumentCache full:https://registry.npmjs.org/@humanfs%2fcore set size:undefined disposed:false
679 silly fetch manifest locate-path@^6.0.0
680 silly packumentCache full:https://registry.npmjs.org/locate-path cache-miss
681 http fetch GET 200 https://registry.npmjs.org/shebang-command 83ms (cache miss)
682 silly packumentCache full:https://registry.npmjs.org/shebang-command set size:undefined disposed:false
683 silly fetch manifest path-exists@^4.0.0
684 silly packumentCache full:https://registry.npmjs.org/path-exists cache-miss
685 http fetch GET 200 https://registry.npmjs.org/levn 110ms (cache miss)
686 silly packumentCache full:https://registry.npmjs.org/levn set size:undefined disposed:false
687 silly fetch manifest is-glob@^4.0.3
688 silly packumentCache full:https://registry.npmjs.org/is-glob cache-miss
689 http fetch GET 200 https://registry.npmjs.org/fast-json-stable-stringify 110ms (cache miss)
690 silly packumentCache full:https://registry.npmjs.org/fast-json-stable-stringify set size:undefined disposed:false
691 silly fetch manifest is-extglob@^2.1.1
692 silly packumentCache full:https://registry.npmjs.org/is-extglob cache-miss
693 http fetch GET 200 https://registry.npmjs.org/path-key 111ms (cache miss)
694 silly packumentCache full:https://registry.npmjs.org/path-key set size:undefined disposed:false
695 silly fetch manifest brace-expansion@^5.0.8
696 silly packumentCache full:https://registry.npmjs.org/brace-expansion cache-miss
697 http fetch GET 200 https://registry.npmjs.org/which 117ms (cache miss)
698 silly packumentCache full:https://registry.npmjs.org/which set size:undefined disposed:false
699 silly fetch manifest prelude-ls@^1.2.1
700 silly packumentCache full:https://registry.npmjs.org/prelude-ls cache-miss
701 http fetch GET 200 https://registry.npmjs.org/ms 94ms (cache miss)
702 silly packumentCache full:https://registry.npmjs.org/ms set size:undefined disposed:false
703 silly fetch manifest deep-is@^0.1.3
704 silly packumentCache full:https://registry.npmjs.org/deep-is cache-miss
705 http fetch GET 200 https://registry.npmjs.org/@types%2fjson-schema 131ms (cache miss)
706 silly packumentCache full:https://registry.npmjs.org/@types%2fjson-schema set size:undefined disposed:false
707 silly fetch manifest word-wrap@^1.2.5
708 silly packumentCache full:https://registry.npmjs.org/word-wrap cache-miss
709 http cache https://registry.npmjs.org/is-glob 29ms (cache hit)
710 silly packumentCache full:https://registry.npmjs.org/is-glob set size:40530 disposed:false
711 silly fetch manifest type-check@^0.4.0
712 silly packumentCache full:https://registry.npmjs.org/type-check cache-miss
713 http fetch GET 200 https://registry.npmjs.org/estraverse 96ms (cache miss)
714 silly packumentCache full:https://registry.npmjs.org/estraverse set size:undefined disposed:false
715 silly fetch manifest fast-levenshtein@^2.0.6
716 silly packumentCache full:https://registry.npmjs.org/fast-levenshtein cache-miss
717 http fetch GET 200 https://registry.npmjs.org/@eslint%2fobject-schema 162ms (cache miss)
718 silly packumentCache full:https://registry.npmjs.org/@eslint%2fobject-schema set size:undefined disposed:false
719 http fetch GET 200 https://registry.npmjs.org/estraverse 66ms (cache miss)
720 silly packumentCache full:https://registry.npmjs.org/estraverse set size:undefined disposed:false
721 http fetch GET 200 https://registry.npmjs.org/path-exists 58ms (cache miss)
722 silly packumentCache full:https://registry.npmjs.org/path-exists set size:undefined disposed:false
723 http fetch GET 200 https://registry.npmjs.org/acorn-jsx 74ms (cache miss)
724 silly packumentCache full:https://registry.npmjs.org/acorn-jsx set size:undefined disposed:false
725 http fetch GET 200 https://registry.npmjs.org/prelude-ls 51ms (cache miss)
726 silly packumentCache full:https://registry.npmjs.org/prelude-ls set size:undefined disposed:false
727 http fetch GET 200 https://registry.npmjs.org/locate-path 70ms (cache miss)
728 silly packumentCache full:https://registry.npmjs.org/locate-path set size:undefined disposed:false
729 http fetch GET 200 https://registry.npmjs.org/esrecurse 138ms (cache miss)
730 silly packumentCache full:https://registry.npmjs.org/esrecurse set size:undefined disposed:false
731 http fetch GET 200 https://registry.npmjs.org/flat-cache 77ms (cache miss)
732 silly packumentCache full:https://registry.npmjs.org/flat-cache set size:undefined disposed:false
733 http fetch GET 200 https://registry.npmjs.org/brace-expansion 66ms (cache miss)
734 silly packumentCache full:https://registry.npmjs.org/brace-expansion set size:undefined disposed:false
735 http fetch GET 200 https://registry.npmjs.org/deep-is 63ms (cache miss)
736 silly packumentCache full:https://registry.npmjs.org/deep-is set size:undefined disposed:false
737 http fetch GET 200 https://registry.npmjs.org/acorn 100ms (cache miss)
738 silly packumentCache full:https://registry.npmjs.org/acorn set size:undefined disposed:false
739 http fetch GET 200 https://registry.npmjs.org/type-check 59ms (cache miss)
740 silly packumentCache full:https://registry.npmjs.org/type-check set size:undefined disposed:false
741 http fetch GET 200 https://registry.npmjs.org/is-extglob 89ms (cache miss)
742 silly packumentCache full:https://registry.npmjs.org/is-extglob set size:undefined disposed:false
743 http fetch GET 200 https://registry.npmjs.org/fast-levenshtein 60ms (cache miss)
744 silly packumentCache full:https://registry.npmjs.org/fast-levenshtein set size:undefined disposed:false
745 http fetch GET 200 https://registry.npmjs.org/word-wrap 84ms (cache miss)
746 silly packumentCache full:https://registry.npmjs.org/word-wrap set size:undefined disposed:false
747 silly placeDep node_modules/@eslint-community/eslint-utils eslint-visitor-keys@3.4.3 OK for: @eslint-community/eslint-utils@4.10.1 want: ^3.4.3
748 silly placeDep ROOT @eslint/object-schema@3.0.5 OK for: @eslint/config-array@0.23.5 want: ^3.0.5
749 silly placeDep ROOT @types/json-schema@7.0.15 OK for: @eslint/core@1.2.1 want: ^7.0.15
750 silly placeDep ROOT levn@0.4.1 OK for: @eslint/plugin-kit@0.7.2 want: ^0.4.1
751 silly fetch manifest type-check@~0.4.0
752 silly packumentCache full:https://registry.npmjs.org/type-check cache-miss
753 http cache https://registry.npmjs.org/type-check 11ms (cache hit)
754 silly packumentCache full:https://registry.npmjs.org/type-check set size:21221 disposed:false
755 silly placeDep ROOT @humanfs/core@0.19.2 OK for: @humanfs/node@0.16.8 want: ^0.19.2
756 silly placeDep ROOT @humanfs/types@0.15.0 OK for: @humanfs/node@0.16.8 want: ^0.15.0
757 silly placeDep ROOT fast-json-stable-stringify@2.1.0 OK for: ajv@6.15.0 want: ^2.0.0
758 silly placeDep ROOT json-schema-traverse@0.4.1 OK for: ajv@6.15.0 want: ^0.4.1
759 silly placeDep ROOT uri-js@4.4.1 OK for: ajv@6.15.0 want: ^4.2.2
760 silly fetch manifest punycode@^2.1.0
761 silly packumentCache full:https://registry.npmjs.org/punycode cache-miss
762 http fetch GET 200 https://registry.npmjs.org/punycode 41ms (cache miss)
763 silly packumentCache full:https://registry.npmjs.org/punycode set size:undefined disposed:false
764 silly placeDep ROOT path-key@3.1.1 OK for: cross-spawn@7.0.6 want: ^3.1.0
765 silly placeDep ROOT shebang-command@2.0.0 OK for: cross-spawn@7.0.6 want: ^2.0.0
766 silly placeDep ROOT which@2.0.2 OK for: cross-spawn@7.0.6 want: ^2.0.1
767 silly fetch manifest shebang-regex@^3.0.0
768 silly packumentCache full:https://registry.npmjs.org/shebang-regex cache-miss
769 silly fetch manifest isexe@^2.0.0
770 silly packumentCache full:https://registry.npmjs.org/isexe cache-miss
771 http fetch GET 200 https://registry.npmjs.org/shebang-regex 48ms (cache miss)
772 silly packumentCache full:https://registry.npmjs.org/shebang-regex set size:undefined disposed:false
773 http fetch GET 200 https://registry.npmjs.org/isexe 50ms (cache miss)
774 silly packumentCache full:https://registry.npmjs.org/isexe set size:undefined disposed:false
775 silly placeDep ROOT ms@2.1.3 OK for: debug@4.4.3 want: ^2.1.3
776 silly placeDep ROOT @babel/core@7.29.7 OK for: eslint-plugin-react-hooks@7.1.1 want: ^7.24.4
777 silly placeDep ROOT @babel/parser@7.29.8 OK for: eslint-plugin-react-hooks@7.1.1 want: ^7.24.4
778 silly placeDep ROOT hermes-parser@0.25.1 OK for: eslint-plugin-react-hooks@7.1.1 want: ^0.25.1
779 silly placeDep ROOT zod@4.5.4 OK for: eslint-plugin-react-hooks@7.1.1 want: ^3.25.0 || ^4.0.0
780 silly placeDep ROOT zod-validation-error@4.0.2 OK for: eslint-plugin-react-hooks@7.1.1 want: ^3.5.0 || ^4.0.0
781 silly fetch manifest json5@^2.2.3
782 silly packumentCache full:https://registry.npmjs.org/json5 cache-miss
783 silly fetch manifest semver@^6.3.1
784 silly packumentCache full:https://registry.npmjs.org/semver cache-miss
785 silly fetch manifest gensync@^1.0.0-beta.2
786 silly packumentCache full:https://registry.npmjs.org/gensync cache-miss
787 silly fetch manifest @babel/types@^7.29.7
788 silly packumentCache full:https://registry.npmjs.org/@babel%2ftypes cache-miss
789 silly fetch manifest @babel/parser@^7.29.7
790 silly packumentCache full:https://registry.npmjs.org/@babel%2fparser cache-miss
791 silly fetch manifest @babel/helpers@^7.29.7
792 silly packumentCache full:https://registry.npmjs.org/@babel%2fhelpers cache-miss
793 silly fetch manifest @babel/template@^7.29.7
794 silly packumentCache full:https://registry.npmjs.org/@babel%2ftemplate cache-miss
795 silly fetch manifest @babel/traverse@^7.29.7
796 silly packumentCache full:https://registry.npmjs.org/@babel%2ftraverse cache-miss
797 silly fetch manifest @babel/generator@^7.29.7
798 silly packumentCache full:https://registry.npmjs.org/@babel%2fgenerator cache-miss
799 silly fetch manifest @babel/code-frame@^7.29.7
800 silly packumentCache full:https://registry.npmjs.org/@babel%2fcode-frame cache-miss
801 silly fetch manifest convert-source-map@^2.0.0
802 silly packumentCache full:https://registry.npmjs.org/convert-source-map cache-miss
803 silly fetch manifest @jridgewell/remapping@^2.3.5
804 silly packumentCache full:https://registry.npmjs.org/@jridgewell%2fremapping cache-miss
805 silly fetch manifest @babel/helper-module-transforms@^7.29.7
806 silly packumentCache full:https://registry.npmjs.org/@babel%2fhelper-module-transforms cache-miss
807 silly fetch manifest @babel/helper-compilation-targets@^7.29.7
808 silly packumentCache full:https://registry.npmjs.org/@babel%2fhelper-compilation-targets cache-miss
809 silly fetch manifest @babel/types@^7.29.8
810 silly packumentCache full:https://registry.npmjs.org/@babel%2ftypes cache-miss
811 http cache https://registry.npmjs.org/@babel%2fparser 31ms (cache hit)
812 silly packumentCache full:https://registry.npmjs.org/@babel%2fparser set size:737961 disposed:false
813 silly fetch manifest hermes-estree@0.25.1
814 silly packumentCache full:https://registry.npmjs.org/hermes-estree cache-miss
815 http fetch GET 200 https://registry.npmjs.org/json5 69ms (cache miss)
816 silly packumentCache full:https://registry.npmjs.org/json5 set size:undefined disposed:false
817 http fetch GET 200 https://registry.npmjs.org/gensync 73ms (cache miss)
818 silly packumentCache full:https://registry.npmjs.org/gensync set size:undefined disposed:false
819 http fetch GET 200 https://registry.npmjs.org/@jridgewell%2fremapping 91ms (cache miss)
820 silly packumentCache full:https://registry.npmjs.org/@jridgewell%2fremapping set size:undefined disposed:false
821 http fetch GET 200 https://registry.npmjs.org/convert-source-map 102ms (cache miss)
822 silly packumentCache full:https://registry.npmjs.org/convert-source-map set size:undefined disposed:false
823 http fetch GET 200 https://registry.npmjs.org/@babel%2ftemplate 106ms (cache miss)
824 silly packumentCache full:https://registry.npmjs.org/@babel%2ftemplate set size:undefined disposed:false
825 http fetch GET 200 https://registry.npmjs.org/@babel%2fhelper-compilation-targets 112ms (cache miss)
826 silly packumentCache full:https://registry.npmjs.org/@babel%2fhelper-compilation-targets set size:undefined disposed:false
827 http fetch GET 200 https://registry.npmjs.org/@babel%2fhelpers 132ms (cache miss)
828 silly packumentCache full:https://registry.npmjs.org/@babel%2fhelpers set size:undefined disposed:false
829 http fetch GET 200 https://registry.npmjs.org/semver 140ms (cache miss)
830 silly packumentCache full:https://registry.npmjs.org/semver set size:undefined disposed:false
831 http fetch GET 200 https://registry.npmjs.org/@babel%2fhelper-module-transforms 140ms (cache miss)
832 silly packumentCache full:https://registry.npmjs.org/@babel%2fhelper-module-transforms set size:undefined disposed:false
833 http fetch GET 200 https://registry.npmjs.org/@babel%2ftypes 153ms (cache miss)
834 silly packumentCache full:https://registry.npmjs.org/@babel%2ftypes set size:undefined disposed:false
835 http fetch GET 200 https://registry.npmjs.org/@babel%2ftraverse 158ms (cache miss)
836 silly packumentCache full:https://registry.npmjs.org/@babel%2ftraverse set size:undefined disposed:false
837 http fetch GET 200 https://registry.npmjs.org/@babel%2ftypes 159ms (cache miss)
838 silly packumentCache full:https://registry.npmjs.org/@babel%2ftypes set size:undefined disposed:false
839 http fetch GET 200 https://registry.npmjs.org/@babel%2fgenerator 166ms (cache miss)
840 silly packumentCache full:https://registry.npmjs.org/@babel%2fgenerator set size:undefined disposed:false
841 http fetch GET 200 https://registry.npmjs.org/hermes-estree 138ms (cache miss)
842 silly packumentCache full:https://registry.npmjs.org/hermes-estree set size:undefined disposed:false
843 http fetch GET 200 https://registry.npmjs.org/@babel%2fcode-frame 248ms (cache miss)
844 silly packumentCache full:https://registry.npmjs.org/@babel%2fcode-frame set size:undefined disposed:false
845 silly fetch manifest @babel/core@^7.0.0
846 silly packumentCache full:https://registry.npmjs.org/@babel%2fcore cache-hit
847 silly placeDep ROOT @babel/code-frame@7.29.7 OK for: @babel/core@7.29.7 want: ^7.29.7
848 silly placeDep ROOT @babel/generator@7.29.8 OK for: @babel/core@7.29.7 want: ^7.29.7
849 silly placeDep ROOT @babel/helper-compilation-targets@7.29.7 OK for: @babel/core@7.29.7 want: ^7.29.7
850 silly placeDep ROOT @babel/helper-module-transforms@7.29.7 OK for: @babel/core@7.29.7 want: ^7.29.7
851 silly placeDep ROOT @babel/helpers@7.29.7 OK for: @babel/core@7.29.7 want: ^7.29.7
852 silly placeDep ROOT @babel/template@7.29.7 OK for: @babel/core@7.29.7 want: ^7.29.7
853 silly placeDep ROOT @babel/traverse@7.29.8 OK for: @babel/core@7.29.7 want: ^7.29.7
854 silly placeDep ROOT @babel/types@7.29.8 OK for: @babel/core@7.29.7 want: ^7.29.7
855 silly placeDep ROOT @jridgewell/remapping@2.3.5 OK for: @babel/core@7.29.7 want: ^2.3.5
856 silly placeDep ROOT convert-source-map@2.0.0 OK for: @babel/core@7.29.7 want: ^2.0.0
857 silly placeDep ROOT gensync@1.0.0-beta.2 OK for: @babel/core@7.29.7 want: ^1.0.0-beta.2
858 silly placeDep ROOT json5@2.2.3 OK for: @babel/core@7.29.7 want: ^2.2.3
859 silly placeDep ROOT semver@6.3.1 OK for: @babel/core@7.29.7 want: ^6.3.1
860 silly fetch manifest js-tokens@^4.0.0
861 silly packumentCache full:https://registry.npmjs.org/js-tokens cache-miss
862 silly fetch manifest picocolors@^1.1.1
863 silly packumentCache full:https://registry.npmjs.org/picocolors cache-miss
864 silly fetch manifest @babel/helper-validator-identifier@^7.29.7
865 silly packumentCache full:https://registry.npmjs.org/@babel%2fhelper-validator-identifier cache-miss
866 silly fetch manifest jsesc@^3.0.2
867 silly packumentCache full:https://registry.npmjs.org/jsesc cache-miss
868 silly fetch manifest @jridgewell/gen-mapping@^0.3.12
869 silly packumentCache full:https://registry.npmjs.org/@jridgewell%2fgen-mapping cache-miss
870 silly fetch manifest @jridgewell/trace-mapping@^0.3.28
871 silly packumentCache full:https://registry.npmjs.org/@jridgewell%2ftrace-mapping cache-miss
872 silly fetch manifest lru-cache@^5.1.1
873 silly packumentCache full:https://registry.npmjs.org/lru-cache cache-miss
874 silly fetch manifest browserslist@^4.24.0
875 silly packumentCache full:https://registry.npmjs.org/browserslist cache-miss
876 silly fetch manifest @babel/compat-data@^7.29.7
877 silly packumentCache full:https://registry.npmjs.org/@babel%2fcompat-data cache-miss
878 silly fetch manifest @babel/helper-validator-option@^7.29.7
879 silly packumentCache full:https://registry.npmjs.org/@babel%2fhelper-validator-option cache-miss
880 silly fetch manifest @babel/helper-module-imports@^7.29.7
881 silly packumentCache full:https://registry.npmjs.org/@babel%2fhelper-module-imports cache-miss
882 silly fetch manifest @babel/helper-validator-identifier@^7.29.7
883 silly packumentCache full:https://registry.npmjs.org/@babel%2fhelper-validator-identifier cache-miss
884 silly fetch manifest @babel/helper-globals@^7.29.7
885 silly packumentCache full:https://registry.npmjs.org/@babel%2fhelper-globals cache-miss
886 silly fetch manifest @babel/helper-string-parser@^7.29.7
887 silly packumentCache full:https://registry.npmjs.org/@babel%2fhelper-string-parser cache-miss
888 silly fetch manifest @babel/helper-validator-identifier@^7.29.7
889 silly packumentCache full:https://registry.npmjs.org/@babel%2fhelper-validator-identifier cache-miss
890 http fetch GET 200 https://registry.npmjs.org/js-tokens 54ms (cache miss)
891 silly packumentCache full:https://registry.npmjs.org/js-tokens set size:undefined disposed:false
892 silly fetch manifest @jridgewell/gen-mapping@^0.3.5
893 silly packumentCache full:https://registry.npmjs.org/@jridgewell%2fgen-mapping cache-miss
894 http fetch GET 200 https://registry.npmjs.org/jsesc 71ms (cache miss)
895 silly packumentCache full:https://registry.npmjs.org/jsesc set size:undefined disposed:false
896 silly fetch manifest @jridgewell/trace-mapping@^0.3.24
897 silly packumentCache full:https://registry.npmjs.org/@jridgewell%2ftrace-mapping cache-miss
898 http fetch GET 200 https://registry.npmjs.org/picocolors 103ms (cache miss)
899 silly packumentCache full:https://registry.npmjs.org/picocolors set size:undefined disposed:false
900 http fetch GET 200 https://registry.npmjs.org/@babel%2fhelper-globals 111ms (cache miss)
901 silly packumentCache full:https://registry.npmjs.org/@babel%2fhelper-globals set size:undefined disposed:false
902 http fetch GET 200 https://registry.npmjs.org/@jridgewell%2fgen-mapping 121ms (cache miss)
903 silly packumentCache full:https://registry.npmjs.org/@jridgewell%2fgen-mapping set size:undefined disposed:false
904 http fetch GET 200 https://registry.npmjs.org/@jridgewell%2ftrace-mapping 128ms (cache miss)
905 silly packumentCache full:https://registry.npmjs.org/@jridgewell%2ftrace-mapping set size:undefined disposed:false
906 http fetch GET 200 https://registry.npmjs.org/@babel%2fhelper-validator-identifier 132ms (cache miss)
907 silly packumentCache full:https://registry.npmjs.org/@babel%2fhelper-validator-identifier set size:undefined disposed:false
908 http fetch GET 200 https://registry.npmjs.org/@jridgewell%2fgen-mapping 78ms (cache miss)
909 silly packumentCache full:https://registry.npmjs.org/@jridgewell%2fgen-mapping set size:undefined disposed:false
910 http fetch GET 200 https://registry.npmjs.org/@babel%2fhelper-validator-option 133ms (cache miss)
911 silly packumentCache full:https://registry.npmjs.org/@babel%2fhelper-validator-option set size:undefined disposed:false
912 http fetch GET 200 https://registry.npmjs.org/@babel%2fhelper-validator-identifier 133ms (cache miss)
913 silly packumentCache full:https://registry.npmjs.org/@babel%2fhelper-validator-identifier set size:undefined disposed:false
914 http fetch GET 200 https://registry.npmjs.org/@babel%2fhelper-validator-identifier 139ms (cache miss)
915 silly packumentCache full:https://registry.npmjs.org/@babel%2fhelper-validator-identifier set size:undefined disposed:false
916 http fetch GET 200 https://registry.npmjs.org/@babel%2fhelper-string-parser 137ms (cache miss)
917 silly packumentCache full:https://registry.npmjs.org/@babel%2fhelper-string-parser set size:undefined disposed:false
918 http fetch GET 200 https://registry.npmjs.org/@babel%2fhelper-module-imports 144ms (cache miss)
919 silly packumentCache full:https://registry.npmjs.org/@babel%2fhelper-module-imports set size:undefined disposed:false
920 http fetch GET 200 https://registry.npmjs.org/@babel%2fcompat-data 157ms (cache miss)
921 silly packumentCache full:https://registry.npmjs.org/@babel%2fcompat-data set size:undefined disposed:false
922 http fetch GET 200 https://registry.npmjs.org/lru-cache 166ms (cache miss)
923 silly packumentCache full:https://registry.npmjs.org/lru-cache set size:undefined disposed:false
924 http fetch GET 200 https://registry.npmjs.org/@jridgewell%2ftrace-mapping 110ms (cache miss)
925 silly packumentCache full:https://registry.npmjs.org/@jridgewell%2ftrace-mapping set size:undefined disposed:false
926 http fetch GET 200 https://registry.npmjs.org/browserslist 184ms (cache miss)
927 silly packumentCache full:https://registry.npmjs.org/browserslist set size:undefined disposed:false
928 silly placeDep ROOT @babel/helper-validator-identifier@7.29.7 OK for: @babel/code-frame@7.29.7 want: ^7.29.7
929 silly placeDep ROOT js-tokens@4.0.0 OK for: @babel/code-frame@7.29.7 want: ^4.0.0
930 silly placeDep ROOT picocolors@1.1.1 OK for: @babel/code-frame@7.29.7 want: ^1.1.1
931 silly placeDep ROOT @jridgewell/gen-mapping@0.3.13 OK for: @babel/generator@7.29.8 want: ^0.3.12
932 silly placeDep ROOT @jridgewell/trace-mapping@0.3.31 OK for: @babel/generator@7.29.8 want: ^0.3.28
933 silly placeDep ROOT jsesc@3.1.0 OK for: @babel/generator@7.29.8 want: ^3.0.2
934 silly fetch manifest @jridgewell/sourcemap-codec@^1.5.0
935 silly packumentCache full:https://registry.npmjs.org/@jridgewell%2fsourcemap-codec cache-miss
936 silly fetch manifest @jridgewell/resolve-uri@^3.1.0
937 silly packumentCache full:https://registry.npmjs.org/@jridgewell%2fresolve-uri cache-miss
938 silly fetch manifest @jridgewell/sourcemap-codec@^1.4.14
939 silly packumentCache full:https://registry.npmjs.org/@jridgewell%2fsourcemap-codec cache-miss
940 http fetch GET 200 https://registry.npmjs.org/@jridgewell%2fresolve-uri 45ms (cache miss)
941 silly packumentCache full:https://registry.npmjs.org/@jridgewell%2fresolve-uri set size:undefined disposed:false
942 http fetch GET 200 https://registry.npmjs.org/@jridgewell%2fsourcemap-codec 47ms (cache miss)
943 silly packumentCache full:https://registry.npmjs.org/@jridgewell%2fsourcemap-codec set size:undefined disposed:false
944 http fetch GET 200 https://registry.npmjs.org/@jridgewell%2fsourcemap-codec 57ms (cache miss)
945 silly packumentCache full:https://registry.npmjs.org/@jridgewell%2fsourcemap-codec set size:undefined disposed:false
946 silly placeDep ROOT @babel/compat-data@7.29.7 OK for: @babel/helper-compilation-targets@7.29.7 want: ^7.29.7
947 silly placeDep ROOT @babel/helper-validator-option@7.29.7 OK for: @babel/helper-compilation-targets@7.29.7 want: ^7.29.7
948 silly placeDep ROOT browserslist@4.28.8 OK for: @babel/helper-compilation-targets@7.29.7 want: ^4.24.0
949 silly placeDep ROOT lru-cache@5.1.1 OK for: @babel/helper-compilation-targets@7.29.7 want: ^5.1.1
950 silly fetch manifest caniuse-lite@^1.0.30001809
951 silly packumentCache full:https://registry.npmjs.org/caniuse-lite cache-miss
952 silly fetch manifest node-releases@^2.0.53
953 silly packumentCache full:https://registry.npmjs.org/node-releases cache-miss
954 silly fetch manifest electron-to-chromium@^1.5.402
955 silly packumentCache full:https://registry.npmjs.org/electron-to-chromium cache-miss
956 silly fetch manifest update-browserslist-db@^1.3.0
957 silly packumentCache full:https://registry.npmjs.org/update-browserslist-db cache-miss
958 silly fetch manifest baseline-browser-mapping@^2.11.12
959 silly packumentCache full:https://registry.npmjs.org/baseline-browser-mapping cache-miss
960 silly fetch manifest yallist@^3.0.2
961 silly packumentCache full:https://registry.npmjs.org/yallist cache-miss
962 http fetch GET 200 https://registry.npmjs.org/yallist 51ms (cache miss)
963 silly packumentCache full:https://registry.npmjs.org/yallist set size:undefined disposed:false
964 http fetch GET 200 https://registry.npmjs.org/update-browserslist-db 55ms (cache miss)
965 silly packumentCache full:https://registry.npmjs.org/update-browserslist-db set size:undefined disposed:false
966 http fetch GET 200 https://registry.npmjs.org/node-releases 62ms (cache miss)
967 silly packumentCache full:https://registry.npmjs.org/node-releases set size:undefined disposed:false
968 http fetch GET 200 https://registry.npmjs.org/baseline-browser-mapping 77ms (cache miss)
969 silly packumentCache full:https://registry.npmjs.org/baseline-browser-mapping set size:undefined disposed:false
970 http fetch GET 200 https://registry.npmjs.org/caniuse-lite 115ms (cache miss)
971 silly packumentCache full:https://registry.npmjs.org/caniuse-lite set size:undefined disposed:false
972 http fetch GET 200 https://registry.npmjs.org/electron-to-chromium 213ms (cache miss)
973 silly packumentCache full:https://registry.npmjs.org/electron-to-chromium set size:undefined disposed:false
974 silly placeDep ROOT @babel/helper-module-imports@7.29.7 OK for: @babel/helper-module-transforms@7.29.7 want: ^7.29.7
975 silly placeDep ROOT @babel/helper-globals@7.29.7 OK for: @babel/traverse@7.29.8 want: ^7.29.7
976 silly placeDep ROOT @babel/helper-string-parser@7.29.7 OK for: @babel/types@7.29.8 want: ^7.29.7
977 silly placeDep ROOT @jridgewell/sourcemap-codec@1.6.0 OK for: @jridgewell/gen-mapping@0.3.13 want: ^1.5.0
978 silly placeDep ROOT @jridgewell/resolve-uri@3.1.2 OK for: @jridgewell/trace-mapping@0.3.31 want: ^3.1.0
979 silly fetch manifest browserslist@>= 4.21.0
980 silly packumentCache full:https://registry.npmjs.org/browserslist cache-miss
981 http cache https://registry.npmjs.org/browserslist 21ms (cache hit)
982 silly packumentCache full:https://registry.npmjs.org/browserslist set size:518659 disposed:false
983 silly placeDep ROOT baseline-browser-mapping@2.11.20 OK for: browserslist@4.28.8 want: ^2.11.12
984 silly placeDep ROOT caniuse-lite@1.0.30001810 OK for: browserslist@4.28.8 want: ^1.0.30001809
985 silly placeDep ROOT electron-to-chromium@1.5.420 OK for: browserslist@4.28.8 want: ^1.5.402
986 silly placeDep ROOT node-releases@2.0.54 OK for: browserslist@4.28.8 want: ^2.0.53
987 silly placeDep ROOT update-browserslist-db@1.3.2 OK for: browserslist@4.28.8 want: ^1.3.0
988 silly fetch manifest escalade@^3.2.0
989 silly packumentCache full:https://registry.npmjs.org/escalade cache-miss
990 http fetch GET 200 https://registry.npmjs.org/escalade 54ms (cache miss)
991 silly packumentCache full:https://registry.npmjs.org/escalade set size:undefined disposed:false
992 silly placeDep ROOT @types/esrecurse@4.3.1 OK for: eslint-scope@9.1.2 want: ^4.3.1
993 silly placeDep ROOT esrecurse@4.3.0 OK for: eslint-scope@9.1.2 want: ^4.3.0
994 silly placeDep ROOT estraverse@5.3.0 OK for: eslint-scope@9.1.2 want: ^5.2.0
995 silly placeDep ROOT acorn@8.18.0 OK for: espree@11.2.0 want: ^8.16.0
996 silly placeDep ROOT acorn-jsx@5.3.2 OK for: espree@11.2.0 want: ^5.3.2
997 silly placeDep ROOT flat-cache@4.0.1 OK for: file-entry-cache@8.0.0 want: ^4.0.0
998 silly fetch manifest keyv@^4.5.4
999 silly packumentCache full:https://registry.npmjs.org/keyv cache-miss
1000 silly fetch manifest flatted@^3.2.9
1001 silly packumentCache full:https://registry.npmjs.org/flatted cache-miss
1002 http fetch GET 200 https://registry.npmjs.org/flatted 56ms (cache miss)
1003 silly packumentCache full:https://registry.npmjs.org/flatted set size:undefined disposed:false
1004 http fetch GET 200 https://registry.npmjs.org/keyv 75ms (cache miss)
1005 silly packumentCache full:https://registry.npmjs.org/keyv set size:undefined disposed:false
1006 silly placeDep ROOT locate-path@6.0.0 OK for: find-up@5.0.0 want: ^6.0.0
1007 silly placeDep ROOT path-exists@4.0.0 OK for: find-up@5.0.0 want: ^4.0.0
1008 silly fetch manifest p-locate@^5.0.0
1009 silly packumentCache full:https://registry.npmjs.org/p-locate cache-miss
1010 http fetch GET 200 https://registry.npmjs.org/p-locate 54ms (cache miss)
1011 silly packumentCache full:https://registry.npmjs.org/p-locate set size:undefined disposed:false
1012 silly placeDep ROOT flatted@3.4.4 OK for: flat-cache@4.0.1 want: ^3.2.9
1013 silly placeDep ROOT keyv@4.5.4 OK for: flat-cache@4.0.1 want: ^4.5.4
1014 silly fetch manifest json-buffer@3.0.1
1015 silly packumentCache full:https://registry.npmjs.org/json-buffer cache-miss
1016 http fetch GET 200 https://registry.npmjs.org/json-buffer 38ms (cache miss)
1017 silly packumentCache full:https://registry.npmjs.org/json-buffer set size:undefined disposed:false
1018 silly placeDep ROOT hermes-estree@0.25.1 OK for: hermes-parser@0.25.1 want: 0.25.1
1019 silly placeDep ROOT is-extglob@2.1.1 OK for: is-glob@4.0.3 want: ^2.1.1
1020 silly placeDep ROOT json-buffer@3.0.1 OK for: keyv@4.5.4 want: 3.0.1
1021 silly placeDep ROOT prelude-ls@1.2.1 OK for: levn@0.4.1 want: ^1.2.1
1022 silly placeDep ROOT type-check@0.4.0 OK for: levn@0.4.1 want: ~0.4.0
1023 silly placeDep ROOT p-locate@5.0.0 OK for: locate-path@6.0.0 want: ^5.0.0
1024 silly fetch manifest p-limit@^3.0.2
1025 silly packumentCache full:https://registry.npmjs.org/p-limit cache-miss
1026 http fetch GET 200 https://registry.npmjs.org/p-limit 42ms (cache miss)
1027 silly packumentCache full:https://registry.npmjs.org/p-limit set size:undefined disposed:false
1028 silly placeDep ROOT yallist@3.1.1 OK for: lru-cache@5.1.1 want: ^3.0.2
1029 silly placeDep ROOT brace-expansion@5.0.9 OK for: minimatch@10.2.6 want: ^5.0.8
1030 silly fetch manifest balanced-match@^4.0.2
1031 silly packumentCache full:https://registry.npmjs.org/balanced-match cache-miss
1032 http fetch GET 200 https://registry.npmjs.org/balanced-match 37ms (cache miss)
1033 silly packumentCache full:https://registry.npmjs.org/balanced-match set size:undefined disposed:false
1034 silly placeDep ROOT balanced-match@4.0.4 OK for: brace-expansion@5.0.9 want: ^4.0.2
1035 silly placeDep ROOT deep-is@0.1.4 OK for: optionator@0.9.4 want: ^0.1.3
1036 silly placeDep ROOT fast-levenshtein@2.0.6 OK for: optionator@0.9.4 want: ^2.0.6
1037 silly placeDep ROOT word-wrap@1.2.5 OK for: optionator@0.9.4 want: ^1.2.5
1038 silly placeDep ROOT p-limit@3.1.0 OK for: p-locate@5.0.0 want: ^3.0.2
1039 silly fetch manifest yocto-queue@^0.1.0
1040 silly packumentCache full:https://registry.npmjs.org/yocto-queue cache-miss
1041 http fetch GET 200 https://registry.npmjs.org/yocto-queue 47ms (cache miss)
1042 silly packumentCache full:https://registry.npmjs.org/yocto-queue set size:undefined disposed:false
1043 silly placeDep ROOT yocto-queue@0.1.0 OK for: p-limit@3.1.0 want: ^0.1.0
1044 silly placeDep ROOT scheduler@0.27.0 OK for: react-dom@19.2.8 want: ^0.27.0
1045 silly fetch manifest @types/react@^18.2.25 || ^19
1046 silly packumentCache full:https://registry.npmjs.org/@types%2freact cache-miss
1047 http cache https://registry.npmjs.org/@types%2freact 13ms (cache hit)
1048 silly packumentCache full:https://registry.npmjs.org/@types%2freact set size:2637439 disposed:false
1049 silly fetch manifest react@^16.8.0 || ^17.0.0 || ^18.0.0 || ^19.0.0
1050 silly packumentCache full:https://registry.npmjs.org/react cache-miss
1051 http cache https://registry.npmjs.org/react 37ms (cache hit)
1052 silly packumentCache full:https://registry.npmjs.org/react set size:6936662 disposed:false
1053 silly fetch manifest redux@^5.0.0
1054 silly packumentCache full:https://registry.npmjs.org/redux cache-miss
1055 http fetch GET 200 https://registry.npmjs.org/redux 59ms (cache miss)
1056 silly packumentCache full:https://registry.npmjs.org/redux set size:undefined disposed:false
1057 silly placeDep ROOT @reduxjs/toolkit@2.12.0 OK for: recharts@3.10.1 want: ^1.9.0 || 2.x.x
1058 silly placeDep ROOT clsx@2.1.1 OK for: recharts@3.10.1 want: ^2.1.1
1059 silly placeDep ROOT decimal.js-light@2.5.1 OK for: recharts@3.10.1 want: ^2.5.1
1060 silly placeDep ROOT es-toolkit@1.52.0 OK for: recharts@3.10.1 want: ^1.39.3
1061 silly placeDep ROOT eventemitter3@5.0.4 OK for: recharts@3.10.1 want: ^5.0.1
1062 silly placeDep ROOT immer@11.1.18 OK for: recharts@3.10.1 want: ^11.1.8
1063 silly placeDep ROOT react-redux@9.3.0 OK for: recharts@3.10.1 want: 8.x.x || 9.x.x
1064 silly placeDep ROOT reselect@5.2.0 OK for: recharts@3.10.1 want: 5.2.0
1065 silly placeDep ROOT tiny-invariant@1.3.3 OK for: recharts@3.10.1 want: ^1.3.3
1066 silly placeDep ROOT use-sync-external-store@1.6.0 OK for: recharts@3.10.1 want: ^1.2.2
1067 silly placeDep ROOT victory-vendor@37.3.6 OK for: recharts@3.10.1 want: ^37.0.2
1068 silly fetch manifest @standard-schema/spec@^1.0.0
1069 silly packumentCache full:https://registry.npmjs.org/@standard-schema%2fspec cache-miss
1070 silly fetch manifest @standard-schema/utils@^0.3.0
1071 silly packumentCache full:https://registry.npmjs.org/@standard-schema%2futils cache-miss
1072 silly fetch manifest immer@^11.0.0
1073 silly packumentCache full:https://registry.npmjs.org/immer cache-miss
1074 silly fetch manifest redux@^5.0.1
1075 silly packumentCache full:https://registry.npmjs.org/redux cache-miss
1076 silly fetch manifest redux-thunk@^3.1.0
1077 silly packumentCache full:https://registry.npmjs.org/redux-thunk cache-miss
1078 silly fetch manifest reselect@^5.1.0
1079 silly packumentCache full:https://registry.npmjs.org/reselect cache-miss
1080 silly fetch manifest @types/use-sync-external-store@^0.0.6
1081 silly packumentCache full:https://registry.npmjs.org/@types%2fuse-sync-external-store cache-miss
1082 silly fetch manifest use-sync-external-store@^1.4.0
1083 silly packumentCache full:https://registry.npmjs.org/use-sync-external-store cache-miss
1084 silly fetch manifest d3-ease@^3.0.1
1085 silly packumentCache full:https://registry.npmjs.org/d3-ease cache-miss
1086 silly fetch manifest d3-time@^3.0.0
1087 silly packumentCache full:https://registry.npmjs.org/d3-time cache-miss
1088 silly fetch manifest d3-array@^3.1.6
1089 silly packumentCache full:https://registry.npmjs.org/d3-array cache-miss
1090 silly fetch manifest d3-scale@^4.0.2
1091 silly packumentCache full:https://registry.npmjs.org/d3-scale cache-miss
1092 silly fetch manifest d3-shape@^3.1.0
1093 silly packumentCache full:https://registry.npmjs.org/d3-shape cache-miss
1094 silly fetch manifest d3-timer@^3.0.1
1095 silly packumentCache full:https://registry.npmjs.org/d3-timer cache-miss
1096 silly fetch manifest @types/d3-ease@^3.0.0
1097 silly packumentCache full:https://registry.npmjs.org/@types%2fd3-ease cache-miss
1098 http cache https://registry.npmjs.org/immer 26ms (cache hit)
1099 silly packumentCache full:https://registry.npmjs.org/immer set size:798677 disposed:false
1100 silly fetch manifest @types/d3-time@^3.0.0
1101 silly packumentCache full:https://registry.npmjs.org/@types%2fd3-time cache-miss
1102 http cache https://registry.npmjs.org/redux 32ms (cache hit)
1103 silly packumentCache full:https://registry.npmjs.org/redux set size:553833 disposed:false
1104 silly fetch manifest d3-interpolate@^3.0.1
1105 silly packumentCache full:https://registry.npmjs.org/d3-interpolate cache-miss
1106 http cache https://registry.npmjs.org/use-sync-external-store 43ms (cache hit)
1107 silly packumentCache full:https://registry.npmjs.org/use-sync-external-store set size:4979662 disposed:false
1108 silly fetch manifest @types/d3-array@^3.0.3
1109 silly packumentCache full:https://registry.npmjs.org/@types%2fd3-array cache-miss
1110 http cache https://registry.npmjs.org/reselect 79ms (cache hit)
1111 silly packumentCache full:https://registry.npmjs.org/reselect set size:361939 disposed:false
1112 silly fetch manifest @types/d3-scale@^4.0.2
1113 silly packumentCache full:https://registry.npmjs.org/@types%2fd3-scale cache-miss
1114 http fetch GET 200 https://registry.npmjs.org/@types%2fd3-ease 101ms (cache miss)
1115 silly packumentCache full:https://registry.npmjs.org/@types%2fd3-ease set size:undefined disposed:false
1116 silly fetch manifest @types/d3-shape@^3.1.0
1117 silly packumentCache full:https://registry.npmjs.org/@types%2fd3-shape cache-miss
1118 http fetch GET 200 https://registry.npmjs.org/@standard-schema%2futils 109ms (cache miss)
1119 silly packumentCache full:https://registry.npmjs.org/@standard-schema%2futils set size:undefined disposed:false
1120 silly fetch manifest @types/d3-timer@^3.0.0
1121 silly packumentCache full:https://registry.npmjs.org/@types%2fd3-timer cache-miss
1122 http fetch GET 200 https://registry.npmjs.org/d3-timer 106ms (cache miss)
1123 silly packumentCache full:https://registry.npmjs.org/d3-timer set size:undefined disposed:false
1124 silly fetch manifest @types/d3-interpolate@^3.0.1
1125 silly packumentCache full:https://registry.npmjs.org/@types%2fd3-interpolate cache-miss
1126 http fetch GET 200 https://registry.npmjs.org/@types%2fuse-sync-external-store 114ms (cache miss)
1127 silly packumentCache full:https://registry.npmjs.org/@types%2fuse-sync-external-store set size:undefined disposed:false
1128 http fetch GET 200 https://registry.npmjs.org/@standard-schema%2fspec 122ms (cache miss)
1129 silly packumentCache full:https://registry.npmjs.org/@standard-schema%2fspec set size:undefined disposed:false
1130 http fetch GET 200 https://registry.npmjs.org/d3-ease 119ms (cache miss)
1131 silly packumentCache full:https://registry.npmjs.org/d3-ease set size:undefined disposed:false
1132 http fetch GET 200 https://registry.npmjs.org/redux-thunk 124ms (cache miss)
1133 silly packumentCache full:https://registry.npmjs.org/redux-thunk set size:undefined disposed:false
1134 http fetch GET 200 https://registry.npmjs.org/d3-time 124ms (cache miss)
1135 silly packumentCache full:https://registry.npmjs.org/d3-time set size:undefined disposed:false
1136 http fetch GET 200 https://registry.npmjs.org/d3-array 132ms (cache miss)
1137 silly packumentCache full:https://registry.npmjs.org/d3-array set size:undefined disposed:false
1138 http fetch GET 200 https://registry.npmjs.org/@types%2fd3-time 109ms (cache miss)
1139 silly packumentCache full:https://registry.npmjs.org/@types%2fd3-time set size:undefined disposed:false
1140 http fetch GET 200 https://registry.npmjs.org/d3-shape 135ms (cache miss)
1141 silly packumentCache full:https://registry.npmjs.org/d3-shape set size:undefined disposed:false
1142 http fetch GET 200 https://registry.npmjs.org/d3-interpolate 109ms (cache miss)
1143 silly packumentCache full:https://registry.npmjs.org/d3-interpolate set size:undefined disposed:false
1144 http fetch GET 200 https://registry.npmjs.org/@types%2fd3-array 83ms (cache miss)
1145 silly packumentCache full:https://registry.npmjs.org/@types%2fd3-array set size:undefined disposed:false
1146 http fetch GET 200 https://registry.npmjs.org/d3-scale 149ms (cache miss)
1147 silly packumentCache full:https://registry.npmjs.org/d3-scale set size:undefined disposed:false
1148 http fetch GET 200 https://registry.npmjs.org/@types%2fd3-scale 72ms (cache miss)
1149 silly packumentCache full:https://registry.npmjs.org/@types%2fd3-scale set size:undefined disposed:false
1150 http fetch GET 200 https://registry.npmjs.org/@types%2fd3-shape 59ms (cache miss)
1151 silly packumentCache full:https://registry.npmjs.org/@types%2fd3-shape set size:undefined disposed:false
1152 http fetch GET 200 https://registry.npmjs.org/@types%2fd3-timer 64ms (cache miss)
1153 silly packumentCache full:https://registry.npmjs.org/@types%2fd3-timer set size:undefined disposed:false
1154 http fetch GET 200 https://registry.npmjs.org/@types%2fd3-interpolate 61ms (cache miss)
1155 silly packumentCache full:https://registry.npmjs.org/@types%2fd3-interpolate set size:undefined disposed:false
1156 silly placeDep ROOT @standard-schema/spec@1.1.0 OK for: @reduxjs/toolkit@2.12.0 want: ^1.0.0
1157 silly placeDep ROOT @standard-schema/utils@0.3.0 OK for: @reduxjs/toolkit@2.12.0 want: ^0.3.0
1158 silly placeDep ROOT redux@5.0.1 OK for: @reduxjs/toolkit@2.12.0 want: ^5.0.1
1159 silly placeDep ROOT redux-thunk@3.1.0 OK for: @reduxjs/toolkit@2.12.0 want: ^3.1.0
1160 silly placeDep ROOT @types/use-sync-external-store@0.0.6 OK for: react-redux@9.3.0 want: ^0.0.6
1161 silly placeDep ROOT shebang-regex@3.0.0 OK for: shebang-command@2.0.0 want: ^3.0.0
1162 silly fetch manifest eslint@^8.57.0 || ^9.0.0 || ^10.0.0
1163 silly packumentCache full:https://registry.npmjs.org/eslint cache-miss
1164 http cache https://registry.npmjs.org/eslint 10ms (cache hit)
1165 silly packumentCache full:https://registry.npmjs.org/eslint set size:2070000 disposed:false
1166 silly placeDep ROOT @typescript-eslint/eslint-plugin@8.69.0 OK for: typescript-eslint@8.69.0 want: 8.69.0
1167 silly placeDep ROOT @typescript-eslint/parser@8.69.0 OK for: @typescript-eslint/eslint-plugin@8.69.0 want: ^8.69.0
1168 silly placeDep ROOT @typescript-eslint/typescript-estree@8.69.0 OK for: typescript-eslint@8.69.0 want: 8.69.0
1169 silly placeDep ROOT @typescript-eslint/utils@8.69.0 OK for: typescript-eslint@8.69.0 want: 8.69.0
1170 silly fetch manifest ignore@^7.0.5
1171 silly packumentCache full:https://registry.npmjs.org/ignore cache-miss
1172 silly fetch manifest ts-api-utils@^2.5.0
1173 silly packumentCache full:https://registry.npmjs.org/ts-api-utils cache-miss
1174 silly fetch manifest @typescript-eslint/type-utils@8.69.0
1175 silly packumentCache full:https://registry.npmjs.org/@typescript-eslint%2ftype-utils cache-miss
1176 silly fetch manifest @typescript-eslint/visitor-keys@8.69.0
1177 silly packumentCache full:https://registry.npmjs.org/@typescript-eslint%2fvisitor-keys cache-miss
1178 silly fetch manifest @typescript-eslint/scope-manager@8.69.0
1179 silly packumentCache full:https://registry.npmjs.org/@typescript-eslint%2fscope-manager cache-miss
1180 silly fetch manifest @typescript-eslint/types@8.69.0
1181 silly packumentCache full:https://registry.npmjs.org/@typescript-eslint%2ftypes cache-miss
1182 silly fetch manifest @typescript-eslint/visitor-keys@8.69.0
1183 silly packumentCache full:https://registry.npmjs.org/@typescript-eslint%2fvisitor-keys cache-miss
1184 silly fetch manifest @typescript-eslint/scope-manager@8.69.0
1185 silly packumentCache full:https://registry.npmjs.org/@typescript-eslint%2fscope-manager cache-miss
1186 silly fetch manifest semver@^7.7.3
1187 silly packumentCache full:https://registry.npmjs.org/semver cache-miss
1188 silly fetch manifest tinyglobby@^0.2.15
1189 silly packumentCache full:https://registry.npmjs.org/tinyglobby cache-miss
1190 silly fetch manifest ts-api-utils@^2.5.0
1191 silly packumentCache full:https://registry.npmjs.org/ts-api-utils cache-miss
1192 silly fetch manifest @typescript-eslint/types@8.69.0
1193 silly packumentCache full:https://registry.npmjs.org/@typescript-eslint%2ftypes cache-miss
1194 silly fetch manifest @typescript-eslint/visitor-keys@8.69.0
1195 silly packumentCache full:https://registry.npmjs.org/@typescript-eslint%2fvisitor-keys cache-miss
1196 silly fetch manifest @typescript-eslint/tsconfig-utils@8.69.0
1197 silly packumentCache full:https://registry.npmjs.org/@typescript-eslint%2ftsconfig-utils cache-miss
1198 silly fetch manifest @typescript-eslint/project-service@8.69.0
1199 silly packumentCache full:https://registry.npmjs.org/@typescript-eslint%2fproject-service cache-miss
1200 http cache https://registry.npmjs.org/ignore 23ms (cache hit)
1201 silly packumentCache full:https://registry.npmjs.org/ignore set size:251191 disposed:false
1202 silly fetch manifest @typescript-eslint/types@8.69.0
1203 silly packumentCache full:https://registry.npmjs.org/@typescript-eslint%2ftypes cache-miss
1204 http cache https://registry.npmjs.org/semver 43ms (cache hit)
1205 silly packumentCache full:https://registry.npmjs.org/semver set size:246069 disposed:false
1206 silly fetch manifest @typescript-eslint/scope-manager@8.69.0
1207 silly packumentCache full:https://registry.npmjs.org/@typescript-eslint%2fscope-manager cache-miss
1208 http cache https://registry.npmjs.org/tinyglobby 46ms (cache hit)
1209 silly packumentCache full:https://registry.npmjs.org/tinyglobby set size:54291 disposed:false
1210 http fetch GET 200 https://registry.npmjs.org/ts-api-utils 69ms (cache miss)
1211 silly packumentCache full:https://registry.npmjs.org/ts-api-utils set size:undefined disposed:false
1212 http fetch GET 200 https://registry.npmjs.org/ts-api-utils 70ms (cache miss)
1213 silly packumentCache full:https://registry.npmjs.org/ts-api-utils set size:undefined disposed:false
1214 http fetch GET 200 https://registry.npmjs.org/@typescript-eslint%2ftsconfig-utils 269ms (cache miss)
1215 silly packumentCache full:https://registry.npmjs.org/@typescript-eslint%2ftsconfig-utils set size:undefined disposed:false
1216 http fetch GET 200 https://registry.npmjs.org/@typescript-eslint%2fproject-service 499ms (cache miss)
1217 silly packumentCache full:https://registry.npmjs.org/@typescript-eslint%2fproject-service set size:undefined disposed:false
1218 http fetch GET 200 https://registry.npmjs.org/@typescript-eslint%2ftype-utils 957ms (cache miss)
1219 silly packumentCache full:https://registry.npmjs.org/@typescript-eslint%2ftype-utils set size:undefined disposed:false
1220 http fetch GET 200 https://registry.npmjs.org/@typescript-eslint%2fvisitor-keys 1122ms (cache miss)
1221 silly packumentCache full:https://registry.npmjs.org/@typescript-eslint%2fvisitor-keys set size:undefined disposed:false
1222 http fetch GET 200 https://registry.npmjs.org/@typescript-eslint%2fscope-manager 1188ms (cache miss)
1223 silly packumentCache full:https://registry.npmjs.org/@typescript-eslint%2fscope-manager set size:undefined disposed:false
1224 http fetch GET 200 https://registry.npmjs.org/@typescript-eslint%2fscope-manager 1214ms (cache miss)
1225 silly packumentCache full:https://registry.npmjs.org/@typescript-eslint%2fscope-manager set size:undefined disposed:false
1226 http fetch GET 200 https://registry.npmjs.org/@typescript-eslint%2ftypes 1397ms (cache miss)
1227 silly packumentCache full:https://registry.npmjs.org/@typescript-eslint%2ftypes set size:undefined disposed:false
1228 http fetch GET 200 https://registry.npmjs.org/@typescript-eslint%2fscope-manager 1513ms (cache miss)
1229 silly packumentCache full:https://registry.npmjs.org/@typescript-eslint%2fscope-manager set size:undefined disposed:false
1230 http fetch GET 200 https://registry.npmjs.org/@typescript-eslint%2fvisitor-keys 1650ms (cache miss)
1231 silly packumentCache full:https://registry.npmjs.org/@typescript-eslint%2fvisitor-keys set size:undefined disposed:false
1232 http fetch GET 200 https://registry.npmjs.org/@typescript-eslint%2ftypes 1678ms (cache miss)
1233 silly packumentCache full:https://registry.npmjs.org/@typescript-eslint%2ftypes set size:undefined disposed:false
1234 http fetch GET 200 https://registry.npmjs.org/@typescript-eslint%2fvisitor-keys 1841ms (cache miss)
1235 silly packumentCache full:https://registry.npmjs.org/@typescript-eslint%2fvisitor-keys set size:undefined disposed:false
1236 http fetch GET 200 https://registry.npmjs.org/@typescript-eslint%2ftypes 1902ms (cache miss)
1237 silly packumentCache full:https://registry.npmjs.org/@typescript-eslint%2ftypes set size:undefined disposed:false
1238 silly placeDep ROOT @typescript-eslint/scope-manager@8.69.0 OK for: @typescript-eslint/eslint-plugin@8.69.0 want: 8.69.0
1239 silly placeDep ROOT @typescript-eslint/type-utils@8.69.0 OK for: @typescript-eslint/eslint-plugin@8.69.0 want: 8.69.0
1240 silly placeDep ROOT @typescript-eslint/visitor-keys@8.69.0 OK for: @typescript-eslint/eslint-plugin@8.69.0 want: 8.69.0
1241 silly placeDep node_modules/@typescript-eslint/eslint-plugin ignore@7.0.8 OK for: @typescript-eslint/eslint-plugin@8.69.0 want: ^7.0.5
1242 silly placeDep ROOT ts-api-utils@2.5.0 OK for: @typescript-eslint/eslint-plugin@8.69.0 want: ^2.5.0
1243 silly placeDep ROOT @typescript-eslint/types@8.69.0 OK for: @typescript-eslint/parser@8.69.0 want: 8.69.0
1244 silly placeDep ROOT @typescript-eslint/project-service@8.69.0 OK for: @typescript-eslint/typescript-estree@8.69.0 want: 8.69.0
1245 silly placeDep ROOT @typescript-eslint/tsconfig-utils@8.69.0 OK for: @typescript-eslint/typescript-estree@8.69.0 want: 8.69.0
1246 silly placeDep node_modules/@typescript-eslint/typescript-estree semver@7.8.5 OK for: @typescript-eslint/typescript-estree@8.69.0 want: ^7.7.3
1247 silly placeDep ROOT tinyglobby@0.2.17 OK for: @typescript-eslint/typescript-estree@8.69.0 want: ^0.2.15
1248 silly fetch manifest @typescript-eslint/tsconfig-utils@^8.69.0
1249 silly packumentCache full:https://registry.npmjs.org/@typescript-eslint%2ftsconfig-utils cache-miss
1250 silly fetch manifest fdir@^6.5.0
1251 silly packumentCache full:https://registry.npmjs.org/fdir cache-miss
1252 silly fetch manifest picomatch@^4.0.4
1253 silly packumentCache full:https://registry.npmjs.org/picomatch cache-miss
1254 http cache https://registry.npmjs.org/picomatch 28ms (cache hit)
1255 silly packumentCache full:https://registry.npmjs.org/picomatch set size:134451 disposed:false
1256 http cache https://registry.npmjs.org/@typescript-eslint%2ftsconfig-utils 36ms (cache hit)
1257 silly packumentCache full:https://registry.npmjs.org/@typescript-eslint%2ftsconfig-utils set size:1809437 disposed:false
1258 http fetch GET 200 https://registry.npmjs.org/fdir 58ms (cache miss)
1259 silly packumentCache full:https://registry.npmjs.org/fdir set size:undefined disposed:false
1260 silly placeDep ROOT fdir@6.5.0 OK for: tinyglobby@0.2.17 want: ^6.5.0
1261 silly placeDep ROOT picomatch@4.0.7 OK for: tinyglobby@0.2.17 want: ^4.0.4
1262 silly placeDep ROOT escalade@3.2.0 OK for: update-browserslist-db@1.3.2 want: ^3.2.0
1263 silly placeDep ROOT punycode@2.3.1 OK for: uri-js@4.4.1 want: ^2.1.0
1264 silly placeDep ROOT @types/d3-array@3.2.2 OK for: victory-vendor@37.3.6 want: ^3.0.3
1265 silly placeDep ROOT @types/d3-ease@3.0.2 OK for: victory-vendor@37.3.6 want: ^3.0.0
1266 silly placeDep ROOT @types/d3-interpolate@3.0.4 OK for: victory-vendor@37.3.6 want: ^3.0.1
1267 silly placeDep ROOT @types/d3-scale@4.0.9 OK for: victory-vendor@37.3.6 want: ^4.0.2
1268 silly placeDep ROOT @types/d3-shape@3.2.0 OK for: victory-vendor@37.3.6 want: ^3.1.0
1269 silly placeDep ROOT @types/d3-time@3.0.4 OK for: victory-vendor@37.3.6 want: ^3.0.0
1270 silly placeDep ROOT @types/d3-timer@3.0.2 OK for: victory-vendor@37.3.6 want: ^3.0.0
1271 silly placeDep ROOT d3-array@3.2.4 OK for: victory-vendor@37.3.6 want: ^3.1.6
1272 silly placeDep ROOT d3-ease@3.0.1 OK for: victory-vendor@37.3.6 want: ^3.0.1
1273 silly placeDep ROOT d3-interpolate@3.0.1 OK for: victory-vendor@37.3.6 want: ^3.0.1
1274 silly placeDep ROOT d3-scale@4.0.2 OK for: victory-vendor@37.3.6 want: ^4.0.2
1275 silly placeDep ROOT d3-shape@3.2.0 OK for: victory-vendor@37.3.6 want: ^3.1.0
1276 silly placeDep ROOT d3-time@3.1.0 OK for: victory-vendor@37.3.6 want: ^3.0.0
1277 silly placeDep ROOT d3-timer@3.0.1 OK for: victory-vendor@37.3.6 want: ^3.0.1
1278 silly fetch manifest @types/d3-color@*
1279 silly packumentCache full:https://registry.npmjs.org/@types%2fd3-color cache-miss
1280 silly fetch manifest @types/d3-time@*
1281 silly packumentCache full:https://registry.npmjs.org/@types%2fd3-time cache-miss
1282 silly fetch manifest @types/d3-path@*
1283 silly packumentCache full:https://registry.npmjs.org/@types%2fd3-path cache-miss
1284 silly fetch manifest internmap@1 - 2
1285 silly packumentCache full:https://registry.npmjs.org/internmap cache-miss
1286 silly fetch manifest d3-color@1 - 3
1287 silly packumentCache full:https://registry.npmjs.org/d3-color cache-miss
1288 silly fetch manifest d3-format@1 - 3
1289 silly packumentCache full:https://registry.npmjs.org/d3-format cache-miss
1290 silly fetch manifest d3-time@2.1.1 - 3
1291 silly packumentCache full:https://registry.npmjs.org/d3-time cache-miss
1292 silly fetch manifest d3-time-format@2 - 4
1293 silly packumentCache full:https://registry.npmjs.org/d3-time-format cache-miss
1294 silly fetch manifest d3-path@^3.1.0
1295 silly packumentCache full:https://registry.npmjs.org/d3-path cache-miss
1296 http cache https://registry.npmjs.org/d3-time 12ms (cache hit)
1297 silly packumentCache full:https://registry.npmjs.org/d3-time set size:150406 disposed:false
1298 http cache https://registry.npmjs.org/@types%2fd3-time 15ms (cache hit)
1299 silly packumentCache full:https://registry.npmjs.org/@types%2fd3-time set size:52652 disposed:false
1300 http fetch GET 200 https://registry.npmjs.org/internmap 38ms (cache miss)
1301 silly packumentCache full:https://registry.npmjs.org/internmap set size:undefined disposed:false
1302 http fetch GET 200 https://registry.npmjs.org/d3-format 46ms (cache miss)
1303 silly packumentCache full:https://registry.npmjs.org/d3-format set size:undefined disposed:false
1304 http fetch GET 200 https://registry.npmjs.org/@types%2fd3-color 63ms (cache miss)
1305 silly packumentCache full:https://registry.npmjs.org/@types%2fd3-color set size:undefined disposed:false
1306 http fetch GET 200 https://registry.npmjs.org/d3-time-format 62ms (cache miss)
1307 silly packumentCache full:https://registry.npmjs.org/d3-time-format set size:undefined disposed:false
1308 http fetch GET 200 https://registry.npmjs.org/d3-path 63ms (cache miss)
1309 silly packumentCache full:https://registry.npmjs.org/d3-path set size:undefined disposed:false
1310 http fetch GET 200 https://registry.npmjs.org/@types%2fd3-path 68ms (cache miss)
1311 silly packumentCache full:https://registry.npmjs.org/@types%2fd3-path set size:undefined disposed:false
1312 http fetch GET 200 https://registry.npmjs.org/d3-color 68ms (cache miss)
1313 silly packumentCache full:https://registry.npmjs.org/d3-color set size:undefined disposed:false
1314 silly placeDep ROOT @types/d3-color@3.1.3 OK for: @types/d3-interpolate@3.0.4 want: *
1315 silly placeDep ROOT @types/d3-path@3.1.1 OK for: @types/d3-shape@3.2.0 want: *
1316 silly placeDep ROOT internmap@2.0.3 OK for: d3-array@3.2.4 want: 1 - 2
1317 silly placeDep ROOT d3-color@3.1.0 OK for: d3-interpolate@3.0.1 want: 1 - 3
1318 silly placeDep ROOT d3-format@3.1.2 OK for: d3-scale@4.0.2 want: 1 - 3
1319 silly placeDep ROOT d3-time-format@4.1.0 OK for: d3-scale@4.0.2 want: 2 - 4
1320 silly placeDep ROOT d3-path@3.1.0 OK for: d3-shape@3.2.0 want: ^3.1.0
1321 silly placeDep ROOT fsevents@2.3.3 OK for: vite@8.2.2 want: ~2.3.3
1322 silly placeDep ROOT lightningcss@1.33.0 OK for: vite@8.2.2 want: ^1.33.0
1323 silly placeDep ROOT postcss@8.5.26 OK for: vite@8.2.2 want: ^8.5.26
1324 silly placeDep ROOT rolldown@1.2.7 OK for: vite@8.2.2 want: ~1.2.4
1325 silly fetch manifest detect-libc@^2.0.3
1326 silly packumentCache full:https://registry.npmjs.org/detect-libc cache-miss
1327 silly fetch manifest lightningcss-darwin-x64@1.33.0
1328 silly packumentCache full:https://registry.npmjs.org/lightningcss-darwin-x64 cache-miss
1329 silly fetch manifest lightningcss-linux-x64-gnu@1.33.0
1330 silly packumentCache full:https://registry.npmjs.org/lightningcss-linux-x64-gnu cache-miss
1331 silly fetch manifest lightningcss-win32-x64-msvc@1.33.0
1332 silly packumentCache full:https://registry.npmjs.org/lightningcss-win32-x64-msvc cache-miss
1333 silly fetch manifest lightningcss-win32-arm64-msvc@1.33.0
1334 silly packumentCache full:https://registry.npmjs.org/lightningcss-win32-arm64-msvc cache-miss
1335 silly fetch manifest lightningcss-darwin-arm64@1.33.0
1336 silly packumentCache full:https://registry.npmjs.org/lightningcss-darwin-arm64 cache-miss
1337 silly fetch manifest lightningcss-linux-arm64-gnu@1.33.0
1338 silly packumentCache full:https://registry.npmjs.org/lightningcss-linux-arm64-gnu cache-miss
1339 silly fetch manifest lightningcss-linux-arm-gnueabihf@1.33.0
1340 silly packumentCache full:https://registry.npmjs.org/lightningcss-linux-arm-gnueabihf cache-miss
1341 silly fetch manifest lightningcss-linux-arm64-musl@1.33.0
1342 silly packumentCache full:https://registry.npmjs.org/lightningcss-linux-arm64-musl cache-miss
1343 silly fetch manifest lightningcss-linux-x64-musl@1.33.0
1344 silly packumentCache full:https://registry.npmjs.org/lightningcss-linux-x64-musl cache-miss
1345 silly fetch manifest lightningcss-freebsd-x64@1.33.0
1346 silly packumentCache full:https://registry.npmjs.org/lightningcss-freebsd-x64 cache-miss
1347 silly fetch manifest lightningcss-android-arm64@1.33.0
1348 silly packumentCache full:https://registry.npmjs.org/lightningcss-android-arm64 cache-miss
1349 silly fetch manifest nanoid@^3.3.17
1350 silly packumentCache full:https://registry.npmjs.org/nanoid cache-miss
1351 silly fetch manifest source-map-js@^1.2.1
1352 silly packumentCache full:https://registry.npmjs.org/source-map-js cache-miss
1353 silly fetch manifest @oxc-project/types@=0.148.0
1354 silly packumentCache full:https://registry.npmjs.org/@oxc-project%2ftypes cache-miss
1355 http fetch GET 200 https://registry.npmjs.org/lightningcss-win32-arm64-msvc 61ms (cache miss)
1356 silly packumentCache full:https://registry.npmjs.org/lightningcss-win32-arm64-msvc set size:undefined disposed:false
1357 silly fetch manifest @rolldown/binding-darwin-x64@1.2.7
1358 silly packumentCache full:https://registry.npmjs.org/@rolldown%2fbinding-darwin-x64 cache-miss
1359 http fetch GET 200 https://registry.npmjs.org/detect-libc 65ms (cache miss)
1360 silly packumentCache full:https://registry.npmjs.org/detect-libc set size:undefined disposed:false
1361 silly fetch manifest @rolldown/binding-freebsd-x64@1.2.7
1362 silly packumentCache full:https://registry.npmjs.org/@rolldown%2fbinding-freebsd-x64 cache-miss
1363 http fetch GET 200 https://registry.npmjs.org/lightningcss-android-arm64 68ms (cache miss)
1364 silly packumentCache full:https://registry.npmjs.org/lightningcss-android-arm64 set size:undefined disposed:false
1365 silly fetch manifest @rolldown/binding-darwin-arm64@1.2.7
1366 silly packumentCache full:https://registry.npmjs.org/@rolldown%2fbinding-darwin-arm64 cache-miss
1367 http fetch GET 200 https://registry.npmjs.org/lightningcss-linux-x64-gnu 74ms (cache miss)
1368 silly packumentCache full:https://registry.npmjs.org/lightningcss-linux-x64-gnu set size:undefined disposed:false
1369 silly fetch manifest @rolldown/binding-android-arm64@1.2.7
1370 silly packumentCache full:https://registry.npmjs.org/@rolldown%2fbinding-android-arm64 cache-miss
1371 http fetch GET 200 https://registry.npmjs.org/lightningcss-win32-x64-msvc 79ms (cache miss)
1372 silly packumentCache full:https://registry.npmjs.org/lightningcss-win32-x64-msvc set size:undefined disposed:false
1373 silly fetch manifest @rolldown/binding-linux-x64-gnu@1.2.7
1374 silly packumentCache full:https://registry.npmjs.org/@rolldown%2fbinding-linux-x64-gnu cache-miss
1375 http fetch GET 200 https://registry.npmjs.org/lightningcss-freebsd-x64 81ms (cache miss)
1376 silly packumentCache full:https://registry.npmjs.org/lightningcss-freebsd-x64 set size:undefined disposed:false
1377 silly fetch manifest @rolldown/binding-linux-x64-musl@1.2.7
1378 silly packumentCache full:https://registry.npmjs.org/@rolldown%2fbinding-linux-x64-musl cache-miss
1379 http fetch GET 200 https://registry.npmjs.org/lightningcss-linux-arm64-musl 84ms (cache miss)
1380 silly packumentCache full:https://registry.npmjs.org/lightningcss-linux-arm64-musl set size:undefined disposed:false
1381 silly fetch manifest @rolldown/binding-win32-x64-msvc@1.2.7
1382 silly packumentCache full:https://registry.npmjs.org/@rolldown%2fbinding-win32-x64-msvc cache-miss
1383 http fetch GET 200 https://registry.npmjs.org/lightningcss-linux-x64-musl 86ms (cache miss)
1384 silly packumentCache full:https://registry.npmjs.org/lightningcss-linux-x64-musl set size:undefined disposed:false
1385 silly fetch manifest @rolldown/binding-linux-arm64-gnu@1.2.7
1386 silly packumentCache full:https://registry.npmjs.org/@rolldown%2fbinding-linux-arm64-gnu cache-miss
1387 http fetch GET 200 https://registry.npmjs.org/lightningcss-darwin-arm64 89ms (cache miss)
1388 silly packumentCache full:https://registry.npmjs.org/lightningcss-darwin-arm64 set size:undefined disposed:false
1389 silly fetch manifest @rolldown/binding-linux-ppc64-gnu@1.2.7
1390 silly packumentCache full:https://registry.npmjs.org/@rolldown%2fbinding-linux-ppc64-gnu cache-miss
1391 http fetch GET 200 https://registry.npmjs.org/lightningcss-darwin-x64 92ms (cache miss)
1392 silly packumentCache full:https://registry.npmjs.org/lightningcss-darwin-x64 set size:undefined disposed:false
1393 silly fetch manifest @rolldown/binding-linux-s390x-gnu@1.2.7
1394 silly packumentCache full:https://registry.npmjs.org/@rolldown%2fbinding-linux-s390x-gnu cache-miss
1395 http fetch GET 200 https://registry.npmjs.org/lightningcss-linux-arm-gnueabihf 94ms (cache miss)
1396 silly packumentCache full:https://registry.npmjs.org/lightningcss-linux-arm-gnueabihf set size:undefined disposed:false
1397 silly fetch manifest @rolldown/binding-android-arm-eabi@1.2.7
1398 silly packumentCache full:https://registry.npmjs.org/@rolldown%2fbinding-android-arm-eabi cache-miss
1399 http fetch GET 200 https://registry.npmjs.org/source-map-js 95ms (cache miss)
1400 silly packumentCache full:https://registry.npmjs.org/source-map-js set size:undefined disposed:false
1401 silly fetch manifest @rolldown/binding-linux-arm64-musl@1.2.7
1402 silly packumentCache full:https://registry.npmjs.org/@rolldown%2fbinding-linux-arm64-musl cache-miss
1403 http fetch GET 200 https://registry.npmjs.org/lightningcss-linux-arm64-gnu 106ms (cache miss)
1404 silly packumentCache full:https://registry.npmjs.org/lightningcss-linux-arm64-gnu set size:undefined disposed:false
1405 silly fetch manifest @rolldown/binding-win32-arm64-msvc@1.2.7
1406 silly packumentCache full:https://registry.npmjs.org/@rolldown%2fbinding-win32-arm64-msvc cache-miss
1407 http fetch GET 200 https://registry.npmjs.org/@oxc-project%2ftypes 108ms (cache miss)
1408 silly packumentCache full:https://registry.npmjs.org/@oxc-project%2ftypes set size:undefined disposed:false
1409 silly fetch manifest @rolldown/binding-openharmony-arm64@1.2.7
1410 silly packumentCache full:https://registry.npmjs.org/@rolldown%2fbinding-openharmony-arm64 cache-miss
1411 http fetch GET 200 https://registry.npmjs.org/nanoid 113ms (cache miss)
1412 silly packumentCache full:https://registry.npmjs.org/nanoid set size:undefined disposed:false
1413 silly fetch manifest @rolldown/binding-linux-arm-gnueabihf@1.2.7
1414 silly packumentCache full:https://registry.npmjs.org/@rolldown%2fbinding-linux-arm-gnueabihf cache-miss
1415 http fetch GET 200 https://registry.npmjs.org/@rolldown%2fbinding-android-arm64 54ms (cache miss)
1416 silly packumentCache full:https://registry.npmjs.org/@rolldown%2fbinding-android-arm64 set size:undefined disposed:false
1417 http fetch GET 200 https://registry.npmjs.org/@rolldown%2fbinding-linux-ppc64-gnu 63ms (cache miss)
1418 silly packumentCache full:https://registry.npmjs.org/@rolldown%2fbinding-linux-ppc64-gnu set size:undefined disposed:false
1419 http fetch GET 200 https://registry.npmjs.org/@rolldown%2fbinding-linux-s390x-gnu 71ms (cache miss)
1420 silly packumentCache full:https://registry.npmjs.org/@rolldown%2fbinding-linux-s390x-gnu set size:undefined disposed:false
1421 http fetch GET 200 https://registry.npmjs.org/@rolldown%2fbinding-freebsd-x64 111ms (cache miss)
1422 silly packumentCache full:https://registry.npmjs.org/@rolldown%2fbinding-freebsd-x64 set size:undefined disposed:false
1423 http fetch GET 200 https://registry.npmjs.org/@rolldown%2fbinding-android-arm-eabi 94ms (cache miss)
1424 silly packumentCache full:https://registry.npmjs.org/@rolldown%2fbinding-android-arm-eabi set size:undefined disposed:false
1425 http fetch GET 200 https://registry.npmjs.org/@rolldown%2fbinding-darwin-x64 134ms (cache miss)
1426 silly packumentCache full:https://registry.npmjs.org/@rolldown%2fbinding-darwin-x64 set size:undefined disposed:false
1427 http fetch GET 200 https://registry.npmjs.org/@rolldown%2fbinding-openharmony-arm64 93ms (cache miss)
1428 silly packumentCache full:https://registry.npmjs.org/@rolldown%2fbinding-openharmony-arm64 set size:undefined disposed:false
1429 http fetch GET 200 https://registry.npmjs.org/@rolldown%2fbinding-linux-x64-gnu 166ms (cache miss)
1430 silly packumentCache full:https://registry.npmjs.org/@rolldown%2fbinding-linux-x64-gnu set size:undefined disposed:false
1431 http fetch GET 200 https://registry.npmjs.org/@rolldown%2fbinding-darwin-arm64 186ms (cache miss)
1432 silly packumentCache full:https://registry.npmjs.org/@rolldown%2fbinding-darwin-arm64 set size:undefined disposed:false
1433 http fetch GET 200 https://registry.npmjs.org/@rolldown%2fbinding-linux-x64-musl 185ms (cache miss)
1434 silly packumentCache full:https://registry.npmjs.org/@rolldown%2fbinding-linux-x64-musl set size:undefined disposed:false
1435 http fetch GET 200 https://registry.npmjs.org/@rolldown%2fbinding-linux-arm64-gnu 188ms (cache miss)
1436 silly packumentCache full:https://registry.npmjs.org/@rolldown%2fbinding-linux-arm64-gnu set size:undefined disposed:false
1437 http fetch GET 200 https://registry.npmjs.org/@rolldown%2fbinding-win32-x64-msvc 199ms (cache miss)
1438 silly packumentCache full:https://registry.npmjs.org/@rolldown%2fbinding-win32-x64-msvc set size:undefined disposed:false
1439 http fetch GET 200 https://registry.npmjs.org/@rolldown%2fbinding-linux-arm64-musl 202ms (cache miss)
1440 silly packumentCache full:https://registry.npmjs.org/@rolldown%2fbinding-linux-arm64-musl set size:undefined disposed:false
1441 http fetch GET 200 https://registry.npmjs.org/@rolldown%2fbinding-win32-arm64-msvc 208ms (cache miss)
1442 silly packumentCache full:https://registry.npmjs.org/@rolldown%2fbinding-win32-arm64-msvc set size:undefined disposed:false
1443 http fetch GET 200 https://registry.npmjs.org/@rolldown%2fbinding-linux-arm-gnueabihf 209ms (cache miss)
1444 silly packumentCache full:https://registry.npmjs.org/@rolldown%2fbinding-linux-arm-gnueabihf set size:undefined disposed:false
1445 silly placeDep ROOT detect-libc@2.1.2 OK for: lightningcss@1.33.0 want: ^2.0.3
1446 silly placeDep ROOT lightningcss-android-arm64@1.33.0 OK for: lightningcss@1.33.0 want: 1.33.0
1447 silly placeDep ROOT lightningcss-darwin-arm64@1.33.0 OK for: lightningcss@1.33.0 want: 1.33.0
1448 silly placeDep ROOT lightningcss-darwin-x64@1.33.0 OK for: lightningcss@1.33.0 want: 1.33.0
1449 silly placeDep ROOT lightningcss-freebsd-x64@1.33.0 OK for: lightningcss@1.33.0 want: 1.33.0
1450 silly placeDep ROOT lightningcss-linux-arm-gnueabihf@1.33.0 OK for: lightningcss@1.33.0 want: 1.33.0
1451 silly placeDep ROOT lightningcss-linux-arm64-gnu@1.33.0 OK for: lightningcss@1.33.0 want: 1.33.0
1452 silly placeDep ROOT lightningcss-linux-arm64-musl@1.33.0 OK for: lightningcss@1.33.0 want: 1.33.0
1453 silly placeDep ROOT lightningcss-linux-x64-gnu@1.33.0 OK for: lightningcss@1.33.0 want: 1.33.0
1454 silly placeDep ROOT lightningcss-linux-x64-musl@1.33.0 OK for: lightningcss@1.33.0 want: 1.33.0
1455 silly placeDep ROOT lightningcss-win32-arm64-msvc@1.33.0 OK for: lightningcss@1.33.0 want: 1.33.0
1456 silly placeDep ROOT lightningcss-win32-x64-msvc@1.33.0 OK for: lightningcss@1.33.0 want: 1.33.0
1457 silly placeDep ROOT nanoid@3.3.18 OK for: postcss@8.5.26 want: ^3.3.17
1458 silly placeDep ROOT source-map-js@1.2.1 OK for: postcss@8.5.26 want: ^1.2.1
1459 silly placeDep ROOT @oxc-project/types@0.148.0 OK for: rolldown@1.2.7 want: =0.148.0
1460 silly placeDep ROOT @rolldown/binding-android-arm-eabi@1.2.7 OK for: rolldown@1.2.7 want: 1.2.7
1461 silly placeDep ROOT @rolldown/binding-android-arm64@1.2.7 OK for: rolldown@1.2.7 want: 1.2.7
1462 silly placeDep ROOT @rolldown/binding-darwin-arm64@1.2.7 OK for: rolldown@1.2.7 want: 1.2.7
1463 silly placeDep ROOT @rolldown/binding-darwin-x64@1.2.7 OK for: rolldown@1.2.7 want: 1.2.7
1464 silly placeDep ROOT @rolldown/binding-freebsd-x64@1.2.7 OK for: rolldown@1.2.7 want: 1.2.7
1465 silly placeDep ROOT @rolldown/binding-linux-arm-gnueabihf@1.2.7 OK for: rolldown@1.2.7 want: 1.2.7
1466 silly placeDep ROOT @rolldown/binding-linux-arm64-gnu@1.2.7 OK for: rolldown@1.2.7 want: 1.2.7
1467 silly placeDep ROOT @rolldown/binding-linux-arm64-musl@1.2.7 OK for: rolldown@1.2.7 want: 1.2.7
1468 silly placeDep ROOT @rolldown/binding-linux-ppc64-gnu@1.2.7 OK for: rolldown@1.2.7 want: 1.2.7
1469 silly placeDep ROOT @rolldown/binding-linux-s390x-gnu@1.2.7 OK for: rolldown@1.2.7 want: 1.2.7
1470 silly placeDep ROOT @rolldown/binding-linux-x64-gnu@1.2.7 OK for: rolldown@1.2.7 want: 1.2.7
1471 silly placeDep ROOT @rolldown/binding-linux-x64-musl@1.2.7 OK for: rolldown@1.2.7 want: 1.2.7
1472 silly placeDep ROOT @rolldown/binding-openharmony-arm64@1.2.7 OK for: rolldown@1.2.7 want: 1.2.7
1473 silly placeDep ROOT @rolldown/binding-win32-arm64-msvc@1.2.7 OK for: rolldown@1.2.7 want: 1.2.7
1474 silly placeDep ROOT @rolldown/binding-win32-x64-msvc@1.2.7 OK for: rolldown@1.2.7 want: 1.2.7
1475 silly placeDep ROOT isexe@2.0.0 OK for: which@2.0.2 want: ^2.0.0
1476 silly reify moves {}
1477 silly audit bulk request {
1477 silly audit   '@eslint/js': [ '10.0.1' ],
1477 silly audit   '@types/react': [ '19.2.18' ],
1477 silly audit   '@types/react-dom': [ '19.2.5' ],
1477 silly audit   '@vitejs/plugin-react': [ '6.1.1' ],
1477 silly audit   vite: [ '8.2.2' ],
1477 silly audit   eslint: [ '10.9.1' ],
1477 silly audit   'eslint-plugin-react-hooks': [ '7.1.1' ],
1477 silly audit   'eslint-plugin-react-refresh': [ '0.5.6' ],
1477 silly audit   'lucide-react': [ '0.542.0' ],
1477 silly audit   react: [ '19.2.8' ],
1477 silly audit   'react-dom': [ '19.2.8' ],
1477 silly audit   recharts: [ '3.10.1' ],
1477 silly audit   'react-is': [ '19.2.8' ],
1477 silly audit   'typescript-eslint': [ '8.69.0' ],
1477 silly audit   typescript: [ '6.0.3' ],
1477 silly audit   csstype: [ '3.2.3' ],
1477 silly audit   '@rolldown/pluginutils': [ '1.0.1' ],
1477 silly audit   '@eslint-community/eslint-utils': [ '4.10.1' ],
1477 silly audit   '@eslint-community/regexpp': [ '4.12.2' ],
1477 silly audit   '@eslint/config-array': [ '0.23.5' ],
1477 silly audit   '@eslint/config-helpers': [ '0.7.0' ],
1477 silly audit   '@eslint/core': [ '1.2.1' ],
1477 silly audit   '@eslint/plugin-kit': [ '0.7.2' ],
1477 silly audit   '@humanfs/node': [ '0.16.8' ],
1477 silly audit   '@humanwhocodes/module-importer': [ '1.0.1' ],
1477 silly audit   '@humanwhocodes/retry': [ '0.4.3' ],
1477 silly audit   '@types/estree': [ '1.0.9' ],
1477 silly audit   ajv: [ '6.15.0' ],
1477 silly audit   'cross-spawn': [ '7.0.6' ],
1477 silly audit   debug: [ '4.4.3' ],
1477 silly audit   'escape-string-regexp': [ '4.0.0' ],
1477 silly audit   'eslint-scope': [ '9.1.2' ],
1477 silly audit   'eslint-visitor-keys': [ '5.0.1', '3.4.3' ],
1477 silly audit   espree: [ '11.2.0' ],
1477 silly audit   esquery: [ '1.7.0' ],
1477 silly audit   esutils: [ '2.0.3' ],
1477 silly audit   'fast-deep-equal': [ '3.1.3' ],
1477 silly audit   'file-entry-cache': [ '8.0.0' ],
1477 silly audit   'find-up': [ '5.0.0' ],
1477 silly audit   'glob-parent': [ '6.0.2' ],
1477 silly audit   ignore: [ '5.3.2', '7.0.8' ],
1477 silly audit   imurmurhash: [ '0.1.4' ],
1477 silly audit   'is-glob': [ '4.0.3' ],
1477 silly audit   'json-stable-stringify-without-jsonify': [ '1.0.1' ],
1477 silly audit   minimatch: [ '10.2.6' ],
1477 silly audit   'natural-compare': [ '1.4.0' ],
1477 silly audit   optionator: [ '0.9.4' ],
1477 silly audit   '@eslint/object-schema': [ '3.0.5' ],
1477 silly audit   '@types/json-schema': [ '7.0.15' ],
1477 silly audit   levn: [ '0.4.1' ],
1477 silly audit   '@humanfs/core': [ '0.19.2' ],
1477 silly audit   '@humanfs/types': [ '0.15.0' ],
1477 silly audit   'fast-json-stable-stringify': [ '2.1.0' ],
1477 silly audit   'json-schema-traverse': [ '0.4.1' ],
1477 silly audit   'uri-js': [ '4.4.1' ],
1477 silly audit   'path-key': [ '3.1.1' ],
1477 silly audit   'shebang-command': [ '2.0.0' ],
1477 silly audit   which: [ '2.0.2' ],
1477 silly audit   ms: [ '2.1.3' ],
1477 silly audit   '@babel/core': [ '7.29.7' ],
1477 silly audit   '@babel/parser': [ '7.29.8' ],
1477 silly audit   'hermes-parser': [ '0.25.1' ],
1477 silly audit   zod: [ '4.5.4' ],
1477 silly audit   'zod-validation-error': [ '4.0.2' ],
1477 silly audit   '@babel/code-frame': [ '7.29.7' ],
1477 silly audit   '@babel/generator': [ '7.29.8' ],
1477 silly audit   '@babel/helper-compilation-targets': [ '7.29.7' ],
1477 silly audit   '@babel/helper-module-transforms': [ '7.29.7' ],
1477 silly audit   '@babel/helpers': [ '7.29.7' ],
1477 silly audit   '@babel/template': [ '7.29.7' ],
1477 silly audit   '@babel/traverse': [ '7.29.8' ],
1477 silly audit   '@babel/types': [ '7.29.8' ],
1477 silly audit   '@jridgewell/remapping': [ '2.3.5' ],
1477 silly audit   'convert-source-map': [ '2.0.0' ],
1477 silly audit   gensync: [ '1.0.0-beta.2' ],
1477 silly audit   json5: [ '2.2.3' ],
1477 silly audit   semver: [ '6.3.1', '7.8.5' ],
1477 silly audit   '@babel/helper-validator-identifier': [ '7.29.7' ],
1477 silly audit   'js-tokens': [ '4.0.0' ],
1477 silly audit   picocolors: [ '1.1.1' ],
1477 silly audit   '@jridgewell/gen-mapping': [ '0.3.13' ],
1477 silly audit   '@jridgewell/trace-mapping': [ '0.3.31' ],
1477 silly audit   jsesc: [ '3.1.0' ],
1477 silly audit   '@babel/compat-data': [ '7.29.7' ],
1477 silly audit   '@babel/helper-validator-option': [ '7.29.7' ],
1477 silly audit   browserslist: [ '4.28.8' ],
1477 silly audit   'lru-cache': [ '5.1.1' ],
1477 silly audit   '@babel/helper-module-imports': [ '7.29.7' ],
1477 silly audit   '@babel/helper-globals': [ '7.29.7' ],
1477 silly audit   '@babel/helper-string-parser': [ '7.29.7' ],
1477 silly audit   '@jridgewell/sourcemap-codec': [ '1.6.0' ],
1477 silly audit   '@jridgewell/resolve-uri': [ '3.1.2' ],
1477 silly audit   'baseline-browser-mapping': [ '2.11.20' ],
1477 silly audit   'caniuse-lite': [ '1.0.30001810' ],
1477 silly audit   'electron-to-chromium': [ '1.5.420' ],
1477 silly audit   'node-releases': [ '2.0.54' ],
1477 silly audit   'update-browserslist-db': [ '1.3.2' ],
1477 silly audit   '@types/esrecurse': [ '4.3.1' ],
1477 silly audit   esrecurse: [ '4.3.0' ],
1477 silly audit   estraverse: [ '5.3.0' ],
1477 silly audit   acorn: [ '8.18.0' ],
1477 silly audit   'acorn-jsx': [ '5.3.2' ],
1477 silly audit   'flat-cache': [ '4.0.1' ],
1477 silly audit   'locate-path': [ '6.0.0' ],
1477 silly audit   'path-exists': [ '4.0.0' ],
1477 silly audit   flatted: [ '3.4.4' ],
1477 silly audit   keyv: [ '4.5.4' ],
1477 silly audit   'hermes-estree': [ '0.25.1' ],
1477 silly audit   'is-extglob': [ '2.1.1' ],
1477 silly audit   'json-buffer': [ '3.0.1' ],
1477 silly audit   'prelude-ls': [ '1.2.1' ],
1477 silly audit   'type-check': [ '0.4.0' ],
1477 silly audit   'p-locate': [ '5.0.0' ],
1477 silly audit   yallist: [ '3.1.1' ],
1477 silly audit   'brace-expansion': [ '5.0.9' ],
1477 silly audit   'balanced-match': [ '4.0.4' ],
1477 silly audit   'deep-is': [ '0.1.4' ],
1477 silly audit   'fast-levenshtein': [ '2.0.6' ],
1477 silly audit   'word-wrap': [ '1.2.5' ],
1477 silly audit   'p-limit': [ '3.1.0' ],
1477 silly audit   'yocto-queue': [ '0.1.0' ],
1477 silly audit   scheduler: [ '0.27.0' ],
1477 silly audit   '@reduxjs/toolkit': [ '2.12.0' ],
1477 silly audit   clsx: [ '2.1.1' ],
1477 silly audit   'decimal.js-light': [ '2.5.1' ],
1477 silly audit   'es-toolkit': [ '1.52.0' ],
1477 silly audit   eventemitter3: [ '5.0.4' ],
1477 silly audit   immer: [ '11.1.18' ],
1477 silly audit   'react-redux': [ '9.3.0' ],
1477 silly audit   reselect: [ '5.2.0' ],
1477 silly audit   'tiny-invariant': [ '1.3.3' ],
1477 silly audit   'use-sync-external-store': [ '1.6.0' ],
1477 silly audit   'victory-vendor': [ '37.3.6' ],
1477 silly audit   '@standard-schema/spec': [ '1.1.0' ],
1477 silly audit   '@standard-schema/utils': [ '0.3.0' ],
1477 silly audit   redux: [ '5.0.1' ],
1477 silly audit   'redux-thunk': [ '3.1.0' ],
1477 silly audit   '@types/use-sync-external-store': [ '0.0.6' ],
1477 silly audit   'shebang-regex': [ '3.0.0' ],
1477 silly audit   '@typescript-eslint/eslint-plugin': [ '8.69.0' ],
1477 silly audit   '@typescript-eslint/parser': [ '8.69.0' ],
1477 silly audit   '@typescript-eslint/typescript-estree': [ '8.69.0' ],
1477 silly audit   '@typescript-eslint/utils': [ '8.69.0' ],
1477 silly audit   '@typescript-eslint/scope-manager': [ '8.69.0' ],
1477 silly audit   '@typescript-eslint/type-utils': [ '8.69.0' ],
1477 silly audit   '@typescript-eslint/visitor-keys': [ '8.69.0' ],
1477 silly audit   'ts-api-utils': [ '2.5.0' ],
1477 silly audit   '@typescript-eslint/types': [ '8.69.0' ],
1477 silly audit   '@typescript-eslint/project-service': [ '8.69.0' ],
1477 silly audit   '@typescript-eslint/tsconfig-utils': [ '8.69.0' ],
1477 silly audit   tinyglobby: [ '0.2.17' ],
1477 silly audit   fdir: [ '6.5.0' ],
1477 silly audit   picomatch: [ '4.0.7' ],
1477 silly audit   escalade: [ '3.2.0' ],
1477 silly audit   punycode: [ '2.3.1' ],
1477 silly audit   '@types/d3-array': [ '3.2.2' ],
1477 silly audit   '@types/d3-ease': [ '3.0.2' ],
1477 silly audit   '@types/d3-interpolate': [ '3.0.4' ],
1477 silly audit   '@types/d3-scale': [ '4.0.9' ],
1477 silly audit   '@types/d3-shape': [ '3.2.0' ],
1477 silly audit   '@types/d3-time': [ '3.0.4' ],
1477 silly audit   '@types/d3-timer': [ '3.0.2' ],
1477 silly audit   'd3-array': [ '3.2.4' ],
1477 silly audit   'd3-ease': [ '3.0.1' ],
1477 silly audit   'd3-interpolate': [ '3.0.1' ],
1477 silly audit   'd3-scale': [ '4.0.2' ],
1477 silly audit   'd3-shape': [ '3.2.0' ],
1477 silly audit   'd3-time': [ '3.1.0' ],
1477 silly audit   'd3-timer': [ '3.0.1' ],
1477 silly audit   '@types/d3-color': [ '3.1.3' ],
1477 silly audit   '@types/d3-path': [ '3.1.1' ],
1477 silly audit   internmap: [ '2.0.3' ],
1477 silly audit   'd3-color': [ '3.1.0' ],
1477 silly audit   'd3-format': [ '3.1.2' ],
1477 silly audit   'd3-time-format': [ '4.1.0' ],
1477 silly audit   'd3-path': [ '3.1.0' ],
1477 silly audit   fsevents: [ '2.3.3' ],
1477 silly audit   lightningcss: [ '1.33.0' ],
1477 silly audit   postcss: [ '8.5.26' ],
1477 silly audit   rolldown: [ '1.2.7' ],
1477 silly audit   'detect-libc': [ '2.1.2' ],
1477 silly audit   'lightningcss-android-arm64': [ '1.33.0' ],
1477 silly audit   'lightningcss-darwin-arm64': [ '1.33.0' ],
1477 silly audit   'lightningcss-darwin-x64': [ '1.33.0' ],
1477 silly audit   'lightningcss-freebsd-x64': [ '1.33.0' ],
1477 silly audit   'lightningcss-linux-arm-gnueabihf': [ '1.33.0' ],
1477 silly audit   'lightningcss-linux-arm64-gnu': [ '1.33.0' ],
1477 silly audit   'lightningcss-linux-arm64-musl': [ '1.33.0' ],
1477 silly audit   'lightningcss-linux-x64-gnu': [ '1.33.0' ],
1477 silly audit   'lightningcss-linux-x64-musl': [ '1.33.0' ],
1477 silly audit   'lightningcss-win32-arm64-msvc': [ '1.33.0' ],
1477 silly audit   'lightningcss-win32-x64-msvc': [ '1.33.0' ],
1477 silly audit   nanoid: [ '3.3.18' ],
1477 silly audit   'source-map-js': [ '1.2.1' ],
1477 silly audit   '@oxc-project/types': [ '0.148.0' ],
1477 silly audit   '@rolldown/binding-android-arm-eabi': [ '1.2.7' ],
1477 silly audit   '@rolldown/binding-android-arm64': [ '1.2.7' ],
1477 silly audit   '@rolldown/binding-darwin-arm64': [ '1.2.7' ],
1477 silly audit   '@rolldown/binding-darwin-x64': [ '1.2.7' ],
1477 silly audit   '@rolldown/binding-freebsd-x64': [ '1.2.7' ],
1477 silly audit   '@rolldown/binding-linux-arm-gnueabihf': [ '1.2.7' ],
1477 silly audit   '@rolldown/binding-linux-arm64-gnu': [ '1.2.7' ],
1477 silly audit   '@rolldown/binding-linux-arm64-musl': [ '1.2.7' ],
1477 silly audit   '@rolldown/binding-linux-ppc64-gnu': [ '1.2.7' ],
1477 silly audit   '@rolldown/binding-linux-s390x-gnu': [ '1.2.7' ],
1477 silly audit   '@rolldown/binding-linux-x64-gnu': [ '1.2.7' ],
1477 silly audit   '@rolldown/binding-linux-x64-musl': [ '1.2.7' ],
1477 silly audit   '@rolldown/binding-openharmony-arm64': [ '1.2.7' ],
1477 silly audit   '@rolldown/binding-win32-arm64-msvc': [ '1.2.7' ],
1477 silly audit   '@rolldown/binding-win32-x64-msvc': [ '1.2.7' ],
1477 silly audit   isexe: [ '2.0.0' ]
1477 silly audit }
1478 http cache isexe@https://registry.npmjs.org/isexe/-/isexe-2.0.0.tgz 0ms (cache hit)
1479 http cache @rolldown/binding-win32-x64-msvc@https://registry.npmjs.org/@rolldown/binding-win32-x64-msvc/-/binding-win32-x64-msvc-1.2.7.tgz 0ms (cache hit)
1480 http cache source-map-js@https://registry.npmjs.org/source-map-js/-/source-map-js-1.2.1.tgz 0ms (cache hit)
1481 http cache @oxc-project/types@https://registry.npmjs.org/@oxc-project/types/-/types-0.148.0.tgz 0ms (cache hit)
1482 http cache nanoid@https://registry.npmjs.org/nanoid/-/nanoid-3.3.18.tgz 0ms (cache hit)
1483 http cache lightningcss-win32-x64-msvc@https://registry.npmjs.org/lightningcss-win32-x64-msvc/-/lightningcss-win32-x64-msvc-1.33.0.tgz 0ms (cache hit)
1484 http cache detect-libc@https://registry.npmjs.org/detect-libc/-/detect-libc-2.1.2.tgz 0ms (cache hit)
1485 http cache rolldown@https://registry.npmjs.org/rolldown/-/rolldown-1.2.7.tgz 0ms (cache hit)
1486 http cache postcss@https://registry.npmjs.org/postcss/-/postcss-8.5.26.tgz 0ms (cache hit)
1487 http cache lightningcss@https://registry.npmjs.org/lightningcss/-/lightningcss-1.33.0.tgz 0ms (cache hit)
1488 http cache d3-format@https://registry.npmjs.org/d3-format/-/d3-format-3.1.2.tgz 0ms (cache hit)
1489 http cache d3-path@https://registry.npmjs.org/d3-path/-/d3-path-3.1.0.tgz 0ms (cache hit)
1490 http cache @types/d3-path@https://registry.npmjs.org/@types/d3-path/-/d3-path-3.1.1.tgz 1ms (cache hit)
1491 http cache @types/d3-color@https://registry.npmjs.org/@types/d3-color/-/d3-color-3.1.3.tgz 0ms (cache hit)
1492 http cache d3-time-format@https://registry.npmjs.org/d3-time-format/-/d3-time-format-4.1.0.tgz 0ms (cache hit)
1493 http cache d3-color@https://registry.npmjs.org/d3-color/-/d3-color-3.1.0.tgz 0ms (cache hit)
1494 http cache internmap@https://registry.npmjs.org/internmap/-/internmap-2.0.3.tgz 0ms (cache hit)
1495 http cache d3-shape@https://registry.npmjs.org/d3-shape/-/d3-shape-3.2.0.tgz 0ms (cache hit)
1496 http cache d3-timer@https://registry.npmjs.org/d3-timer/-/d3-timer-3.0.1.tgz 0ms (cache hit)
1497 http cache d3-time@https://registry.npmjs.org/d3-time/-/d3-time-3.1.0.tgz 0ms (cache hit)
1498 http cache d3-scale@https://registry.npmjs.org/d3-scale/-/d3-scale-4.0.2.tgz 0ms (cache hit)
1499 http cache @types/d3-timer@https://registry.npmjs.org/@types/d3-timer/-/d3-timer-3.0.2.tgz 1ms (cache hit)
1500 http cache @types/d3-time@https://registry.npmjs.org/@types/d3-time/-/d3-time-3.0.4.tgz 0ms (cache hit)
1501 http cache @types/d3-shape@https://registry.npmjs.org/@types/d3-shape/-/d3-shape-3.2.0.tgz 0ms (cache hit)
1502 http cache d3-array@https://registry.npmjs.org/d3-array/-/d3-array-3.2.4.tgz 0ms (cache hit)
1503 http cache @types/d3-ease@https://registry.npmjs.org/@types/d3-ease/-/d3-ease-3.0.2.tgz 0ms (cache hit)
1504 http cache d3-interpolate@https://registry.npmjs.org/d3-interpolate/-/d3-interpolate-3.0.1.tgz 0ms (cache hit)
1505 http cache d3-ease@https://registry.npmjs.org/d3-ease/-/d3-ease-3.0.1.tgz 0ms (cache hit)
1506 http cache @types/d3-scale@https://registry.npmjs.org/@types/d3-scale/-/d3-scale-4.0.9.tgz 0ms (cache hit)
1507 http cache @types/d3-array@https://registry.npmjs.org/@types/d3-array/-/d3-array-3.2.2.tgz 0ms (cache hit)
1508 http cache @types/d3-interpolate@https://registry.npmjs.org/@types/d3-interpolate/-/d3-interpolate-3.0.4.tgz 0ms (cache hit)
1509 http cache punycode@https://registry.npmjs.org/punycode/-/punycode-2.3.1.tgz 0ms (cache hit)
1510 http cache escalade@https://registry.npmjs.org/escalade/-/escalade-3.2.0.tgz 0ms (cache hit)
1511 http cache @typescript-eslint/project-service@https://registry.npmjs.org/@typescript-eslint/project-service/-/project-service-8.69.0.tgz 0ms (cache hit)
1512 http cache @typescript-eslint/types@https://registry.npmjs.org/@typescript-eslint/types/-/types-8.69.0.tgz 0ms (cache hit)
1513 http cache picomatch@https://registry.npmjs.org/picomatch/-/picomatch-4.0.7.tgz 0ms (cache hit)
1514 http cache @typescript-eslint/visitor-keys@https://registry.npmjs.org/@typescript-eslint/visitor-keys/-/visitor-keys-8.69.0.tgz 0ms (cache hit)
1515 http cache fdir@https://registry.npmjs.org/fdir/-/fdir-6.5.0.tgz 0ms (cache hit)
1516 http cache ts-api-utils@https://registry.npmjs.org/ts-api-utils/-/ts-api-utils-2.5.0.tgz 0ms (cache hit)
1517 http cache @typescript-eslint/type-utils@https://registry.npmjs.org/@typescript-eslint/type-utils/-/type-utils-8.69.0.tgz 0ms (cache hit)
1518 http cache @typescript-eslint/scope-manager@https://registry.npmjs.org/@typescript-eslint/scope-manager/-/scope-manager-8.69.0.tgz 0ms (cache hit)
1519 http cache @typescript-eslint/utils@https://registry.npmjs.org/@typescript-eslint/utils/-/utils-8.69.0.tgz 0ms (cache hit)
1520 http cache tinyglobby@https://registry.npmjs.org/tinyglobby/-/tinyglobby-0.2.17.tgz 0ms (cache hit)
1521 http cache shebang-regex@https://registry.npmjs.org/shebang-regex/-/shebang-regex-3.0.0.tgz 0ms (cache hit)
1522 http cache redux-thunk@https://registry.npmjs.org/redux-thunk/-/redux-thunk-3.1.0.tgz 0ms (cache hit)
1523 http cache @types/use-sync-external-store@https://registry.npmjs.org/@types/use-sync-external-store/-/use-sync-external-store-0.0.6.tgz 0ms (cache hit)
1524 http cache @typescript-eslint/parser@https://registry.npmjs.org/@typescript-eslint/parser/-/parser-8.69.0.tgz 0ms (cache hit)
1525 http cache @typescript-eslint/eslint-plugin@https://registry.npmjs.org/@typescript-eslint/eslint-plugin/-/eslint-plugin-8.69.0.tgz 0ms (cache hit)
1526 http cache redux@https://registry.npmjs.org/redux/-/redux-5.0.1.tgz 0ms (cache hit)
1527 http cache @standard-schema/utils@https://registry.npmjs.org/@standard-schema/utils/-/utils-0.3.0.tgz 0ms (cache hit)
1528 http cache @standard-schema/spec@https://registry.npmjs.org/@standard-schema/spec/-/spec-1.1.0.tgz 0ms (cache hit)
1529 http cache victory-vendor@https://registry.npmjs.org/victory-vendor/-/victory-vendor-37.3.6.tgz 0ms (cache hit)
1530 http cache use-sync-external-store@https://registry.npmjs.org/use-sync-external-store/-/use-sync-external-store-1.6.0.tgz 0ms (cache hit)
1531 http cache react-redux@https://registry.npmjs.org/react-redux/-/react-redux-9.3.0.tgz 0ms (cache hit)
1532 http cache tiny-invariant@https://registry.npmjs.org/tiny-invariant/-/tiny-invariant-1.3.3.tgz 0ms (cache hit)
1533 http cache reselect@https://registry.npmjs.org/reselect/-/reselect-5.2.0.tgz 0ms (cache hit)
1534 http cache eventemitter3@https://registry.npmjs.org/eventemitter3/-/eventemitter3-5.0.4.tgz 0ms (cache hit)
1535 http cache immer@https://registry.npmjs.org/immer/-/immer-11.1.18.tgz 0ms (cache hit)
1536 http cache @reduxjs/toolkit@https://registry.npmjs.org/@reduxjs/toolkit/-/toolkit-2.12.0.tgz 0ms (cache hit)
1537 http cache decimal.js-light@https://registry.npmjs.org/decimal.js-light/-/decimal.js-light-2.5.1.tgz 0ms (cache hit)
1538 http cache es-toolkit@https://registry.npmjs.org/es-toolkit/-/es-toolkit-1.52.0.tgz 0ms (cache hit)
1539 http cache clsx@https://registry.npmjs.org/clsx/-/clsx-2.1.1.tgz 0ms (cache hit)
1540 http cache scheduler@https://registry.npmjs.org/scheduler/-/scheduler-0.27.0.tgz 0ms (cache hit)
1541 http cache yocto-queue@https://registry.npmjs.org/yocto-queue/-/yocto-queue-0.1.0.tgz 0ms (cache hit)
1542 http cache @typescript-eslint/tsconfig-utils@https://registry.npmjs.org/@typescript-eslint/tsconfig-utils/-/tsconfig-utils-8.69.0.tgz 0ms (cache hit)
1543 http cache word-wrap@https://registry.npmjs.org/word-wrap/-/word-wrap-1.2.5.tgz 0ms (cache hit)
1544 http cache p-limit@https://registry.npmjs.org/p-limit/-/p-limit-3.1.0.tgz 0ms (cache hit)
1545 http cache balanced-match@https://registry.npmjs.org/balanced-match/-/balanced-match-4.0.4.tgz 0ms (cache hit)
1546 http cache fast-levenshtein@https://registry.npmjs.org/fast-levenshtein/-/fast-levenshtein-2.0.6.tgz 0ms (cache hit)
1547 http cache yallist@https://registry.npmjs.org/yallist/-/yallist-3.1.1.tgz 0ms (cache hit)
1548 http cache prelude-ls@https://registry.npmjs.org/prelude-ls/-/prelude-ls-1.2.1.tgz 0ms (cache hit)
1549 http cache is-extglob@https://registry.npmjs.org/is-extglob/-/is-extglob-2.1.1.tgz 0ms (cache hit)
1550 http cache type-check@https://registry.npmjs.org/type-check/-/type-check-0.4.0.tgz 0ms (cache hit)
1551 http cache json-buffer@https://registry.npmjs.org/json-buffer/-/json-buffer-3.0.1.tgz 0ms (cache hit)
1552 http cache keyv@https://registry.npmjs.org/keyv/-/keyv-4.5.4.tgz 0ms (cache hit)
1553 http cache hermes-estree@https://registry.npmjs.org/hermes-estree/-/hermes-estree-0.25.1.tgz 0ms (cache hit)
1554 http cache flatted@https://registry.npmjs.org/flatted/-/flatted-3.4.4.tgz 0ms (cache hit)
1555 http cache path-exists@https://registry.npmjs.org/path-exists/-/path-exists-4.0.0.tgz 1ms (cache hit)
1556 http cache flat-cache@https://registry.npmjs.org/flat-cache/-/flat-cache-4.0.1.tgz 0ms (cache hit)
1557 http cache locate-path@https://registry.npmjs.org/locate-path/-/locate-path-6.0.0.tgz 1ms (cache hit)
1558 http cache acorn-jsx@https://registry.npmjs.org/acorn-jsx/-/acorn-jsx-5.3.2.tgz 0ms (cache hit)
1559 http cache acorn@https://registry.npmjs.org/acorn/-/acorn-8.18.0.tgz 0ms (cache hit)
1560 http cache estraverse@https://registry.npmjs.org/estraverse/-/estraverse-5.3.0.tgz 0ms (cache hit)
1561 http cache @types/esrecurse@https://registry.npmjs.org/@types/esrecurse/-/esrecurse-4.3.1.tgz 0ms (cache hit)
1562 http cache deep-is@https://registry.npmjs.org/deep-is/-/deep-is-0.1.4.tgz 0ms (cache hit)
1563 http cache esrecurse@https://registry.npmjs.org/esrecurse/-/esrecurse-4.3.0.tgz 0ms (cache hit)
1564 http cache brace-expansion@https://registry.npmjs.org/brace-expansion/-/brace-expansion-5.0.9.tgz 0ms (cache hit)
1565 http cache update-browserslist-db@https://registry.npmjs.org/update-browserslist-db/-/update-browserslist-db-1.3.2.tgz 0ms (cache hit)
1566 http cache p-locate@https://registry.npmjs.org/p-locate/-/p-locate-5.0.0.tgz 0ms (cache hit)
1567 http cache node-releases@https://registry.npmjs.org/node-releases/-/node-releases-2.0.54.tgz 0ms (cache hit)
1568 http cache @jridgewell/resolve-uri@https://registry.npmjs.org/@jridgewell/resolve-uri/-/resolve-uri-3.1.2.tgz 0ms (cache hit)
1569 http cache @jridgewell/sourcemap-codec@https://registry.npmjs.org/@jridgewell/sourcemap-codec/-/sourcemap-codec-1.6.0.tgz 0ms (cache hit)
1570 http cache electron-to-chromium@https://registry.npmjs.org/electron-to-chromium/-/electron-to-chromium-1.5.420.tgz 0ms (cache hit)
1571 http cache @babel/helper-string-parser@https://registry.npmjs.org/@babel/helper-string-parser/-/helper-string-parser-7.29.7.tgz 0ms (cache hit)
1572 http cache caniuse-lite@https://registry.npmjs.org/caniuse-lite/-/caniuse-lite-1.0.30001810.tgz 0ms (cache hit)
1573 http cache @babel/helper-globals@https://registry.npmjs.org/@babel/helper-globals/-/helper-globals-7.29.7.tgz 0ms (cache hit)
1574 http cache baseline-browser-mapping@https://registry.npmjs.org/baseline-browser-mapping/-/baseline-browser-mapping-2.11.20.tgz 0ms (cache hit)
1575 http cache @babel/helper-module-imports@https://registry.npmjs.org/@babel/helper-module-imports/-/helper-module-imports-7.29.7.tgz 0ms (cache hit)
1576 http cache lru-cache@https://registry.npmjs.org/lru-cache/-/lru-cache-5.1.1.tgz 0ms (cache hit)
1577 http cache browserslist@https://registry.npmjs.org/browserslist/-/browserslist-4.28.8.tgz 0ms (cache hit)
1578 http cache @babel/helper-validator-option@https://registry.npmjs.org/@babel/helper-validator-option/-/helper-validator-option-7.29.7.tgz 0ms (cache hit)
1579 http cache jsesc@https://registry.npmjs.org/jsesc/-/jsesc-3.1.0.tgz 0ms (cache hit)
1580 http cache @babel/compat-data@https://registry.npmjs.org/@babel/compat-data/-/compat-data-7.29.7.tgz 0ms (cache hit)
1581 http cache picocolors@https://registry.npmjs.org/picocolors/-/picocolors-1.1.1.tgz 1ms (cache hit)
1582 http cache @jridgewell/gen-mapping@https://registry.npmjs.org/@jridgewell/gen-mapping/-/gen-mapping-0.3.13.tgz 0ms (cache hit)
1583 http cache @jridgewell/trace-mapping@https://registry.npmjs.org/@jridgewell/trace-mapping/-/trace-mapping-0.3.31.tgz 0ms (cache hit)
1584 http cache @babel/helper-validator-identifier@https://registry.npmjs.org/@babel/helper-validator-identifier/-/helper-validator-identifier-7.29.7.tgz 0ms (cache hit)
1585 http cache js-tokens@https://registry.npmjs.org/js-tokens/-/js-tokens-4.0.0.tgz 0ms (cache hit)
1586 http cache json5@https://registry.npmjs.org/json5/-/json5-2.2.3.tgz 1ms (cache hit)
1587 http cache semver@https://registry.npmjs.org/semver/-/semver-6.3.1.tgz 0ms (cache hit)
1588 http cache gensync@https://registry.npmjs.org/gensync/-/gensync-1.0.0-beta.2.tgz 0ms (cache hit)
1589 http cache @jridgewell/remapping@https://registry.npmjs.org/@jridgewell/remapping/-/remapping-2.3.5.tgz 0ms (cache hit)
1590 http cache convert-source-map@https://registry.npmjs.org/convert-source-map/-/convert-source-map-2.0.0.tgz 0ms (cache hit)
1591 http cache @babel/traverse@https://registry.npmjs.org/@babel/traverse/-/traverse-7.29.8.tgz 0ms (cache hit)
1592 http cache @babel/types@https://registry.npmjs.org/@babel/types/-/types-7.29.8.tgz 0ms (cache hit)
1593 http cache @babel/helpers@https://registry.npmjs.org/@babel/helpers/-/helpers-7.29.7.tgz 0ms (cache hit)
1594 http cache @babel/template@https://registry.npmjs.org/@babel/template/-/template-7.29.7.tgz 0ms (cache hit)
1595 http cache @babel/helper-module-transforms@https://registry.npmjs.org/@babel/helper-module-transforms/-/helper-module-transforms-7.29.7.tgz 0ms (cache hit)
1596 http cache @babel/helper-compilation-targets@https://registry.npmjs.org/@babel/helper-compilation-targets/-/helper-compilation-targets-7.29.7.tgz 0ms (cache hit)
1597 http cache @babel/generator@https://registry.npmjs.org/@babel/generator/-/generator-7.29.8.tgz 0ms (cache hit)
1598 http cache @babel/code-frame@https://registry.npmjs.org/@babel/code-frame/-/code-frame-7.29.7.tgz 0ms (cache hit)
1599 http cache @babel/parser@https://registry.npmjs.org/@babel/parser/-/parser-7.29.8.tgz 0ms (cache hit)
1600 http cache zod-validation-error@https://registry.npmjs.org/zod-validation-error/-/zod-validation-error-4.0.2.tgz 0ms (cache hit)
1601 http cache @babel/core@https://registry.npmjs.org/@babel/core/-/core-7.29.7.tgz 0ms (cache hit)
1602 http cache zod@https://registry.npmjs.org/zod/-/zod-4.5.4.tgz 0ms (cache hit)
1603 http cache hermes-parser@https://registry.npmjs.org/hermes-parser/-/hermes-parser-0.25.1.tgz 0ms (cache hit)
1604 http cache shebang-command@https://registry.npmjs.org/shebang-command/-/shebang-command-2.0.0.tgz 0ms (cache hit)
1605 http cache ms@https://registry.npmjs.org/ms/-/ms-2.1.3.tgz 0ms (cache hit)
1606 http cache which@https://registry.npmjs.org/which/-/which-2.0.2.tgz 0ms (cache hit)
1607 http cache path-key@https://registry.npmjs.org/path-key/-/path-key-3.1.1.tgz 0ms (cache hit)
1608 http cache @humanfs/types@https://registry.npmjs.org/@humanfs/types/-/types-0.15.0.tgz 0ms (cache hit)
1609 http cache @humanfs/core@https://registry.npmjs.org/@humanfs/core/-/core-0.19.2.tgz 0ms (cache hit)
1610 http cache uri-js@https://registry.npmjs.org/uri-js/-/uri-js-4.4.1.tgz 0ms (cache hit)
1611 http cache fast-json-stable-stringify@https://registry.npmjs.org/fast-json-stable-stringify/-/fast-json-stable-stringify-2.1.0.tgz 0ms (cache hit)
1612 http cache json-schema-traverse@https://registry.npmjs.org/json-schema-traverse/-/json-schema-traverse-0.4.1.tgz 0ms (cache hit)
1613 http cache @types/json-schema@https://registry.npmjs.org/@types/json-schema/-/json-schema-7.0.15.tgz 0ms (cache hit)
1614 http cache @eslint/object-schema@https://registry.npmjs.org/@eslint/object-schema/-/object-schema-3.0.5.tgz 0ms (cache hit)
1615 http cache levn@https://registry.npmjs.org/levn/-/levn-0.4.1.tgz 0ms (cache hit)
1616 http cache optionator@https://registry.npmjs.org/optionator/-/optionator-0.9.4.tgz 0ms (cache hit)
1617 http cache natural-compare@https://registry.npmjs.org/natural-compare/-/natural-compare-1.4.0.tgz 0ms (cache hit)
1618 http cache minimatch@https://registry.npmjs.org/minimatch/-/minimatch-10.2.6.tgz 0ms (cache hit)
1619 http cache json-stable-stringify-without-jsonify@https://registry.npmjs.org/json-stable-stringify-without-jsonify/-/json-stable-stringify-without-jsonify-1.0.1.tgz 0ms (cache hit)
1620 http cache is-glob@https://registry.npmjs.org/is-glob/-/is-glob-4.0.3.tgz 0ms (cache hit)
1621 http cache imurmurhash@https://registry.npmjs.org/imurmurhash/-/imurmurhash-0.1.4.tgz 0ms (cache hit)
1622 http cache ignore@https://registry.npmjs.org/ignore/-/ignore-5.3.2.tgz 0ms (cache hit)
1623 http cache glob-parent@https://registry.npmjs.org/glob-parent/-/glob-parent-6.0.2.tgz 0ms (cache hit)
1624 http cache find-up@https://registry.npmjs.org/find-up/-/find-up-5.0.0.tgz 0ms (cache hit)
1625 http cache file-entry-cache@https://registry.npmjs.org/file-entry-cache/-/file-entry-cache-8.0.0.tgz 0ms (cache hit)
1626 http cache fast-deep-equal@https://registry.npmjs.org/fast-deep-equal/-/fast-deep-equal-3.1.3.tgz 0ms (cache hit)
1627 http cache esutils@https://registry.npmjs.org/esutils/-/esutils-2.0.3.tgz 0ms (cache hit)
1628 http cache esquery@https://registry.npmjs.org/esquery/-/esquery-1.7.0.tgz 0ms (cache hit)
1629 http cache eslint-visitor-keys@https://registry.npmjs.org/eslint-visitor-keys/-/eslint-visitor-keys-5.0.1.tgz 0ms (cache hit)
1630 http cache espree@https://registry.npmjs.org/espree/-/espree-11.2.0.tgz 0ms (cache hit)
1631 http cache escape-string-regexp@https://registry.npmjs.org/escape-string-regexp/-/escape-string-regexp-4.0.0.tgz 0ms (cache hit)
1632 http cache eslint-scope@https://registry.npmjs.org/eslint-scope/-/eslint-scope-9.1.2.tgz 0ms (cache hit)
1633 http cache cross-spawn@https://registry.npmjs.org/cross-spawn/-/cross-spawn-7.0.6.tgz 1ms (cache hit)
1634 http cache debug@https://registry.npmjs.org/debug/-/debug-4.4.3.tgz 0ms (cache hit)
1635 http cache @types/estree@https://registry.npmjs.org/@types/estree/-/estree-1.0.9.tgz 0ms (cache hit)
1636 http cache ajv@https://registry.npmjs.org/ajv/-/ajv-6.15.0.tgz 0ms (cache hit)
1637 http cache @humanfs/node@https://registry.npmjs.org/@humanfs/node/-/node-0.16.8.tgz 0ms (cache hit)
1638 http cache @humanwhocodes/module-importer@https://registry.npmjs.org/@humanwhocodes/module-importer/-/module-importer-1.0.1.tgz 0ms (cache hit)
1639 http cache @humanwhocodes/retry@https://registry.npmjs.org/@humanwhocodes/retry/-/retry-0.4.3.tgz 0ms (cache hit)
1640 http cache @eslint/plugin-kit@https://registry.npmjs.org/@eslint/plugin-kit/-/plugin-kit-0.7.2.tgz 0ms (cache hit)
1641 http cache @eslint-community/regexpp@https://registry.npmjs.org/@eslint-community/regexpp/-/regexpp-4.12.2.tgz 0ms (cache hit)
1642 http cache @eslint/core@https://registry.npmjs.org/@eslint/core/-/core-1.2.1.tgz 0ms (cache hit)
1643 http cache @eslint/config-helpers@https://registry.npmjs.org/@eslint/config-helpers/-/config-helpers-0.7.0.tgz 0ms (cache hit)
1644 http cache @eslint-community/eslint-utils@https://registry.npmjs.org/@eslint-community/eslint-utils/-/eslint-utils-4.10.1.tgz 0ms (cache hit)
1645 http cache @rolldown/pluginutils@https://registry.npmjs.org/@rolldown/pluginutils/-/pluginutils-1.0.1.tgz 0ms (cache hit)
1646 http cache csstype@https://registry.npmjs.org/csstype/-/csstype-3.2.3.tgz 0ms (cache hit)
1647 http cache @eslint/config-array@https://registry.npmjs.org/@eslint/config-array/-/config-array-0.23.5.tgz 1ms (cache hit)
1648 http cache typescript-eslint@https://registry.npmjs.org/typescript-eslint/-/typescript-eslint-8.69.0.tgz 0ms (cache hit)
1649 http cache typescript@https://registry.npmjs.org/typescript/-/typescript-6.0.3.tgz 0ms (cache hit)
1650 http cache react-dom@https://registry.npmjs.org/react-dom/-/react-dom-19.2.8.tgz 0ms (cache hit)
1651 http cache react-is@https://registry.npmjs.org/react-is/-/react-is-19.2.8.tgz 0ms (cache hit)
1652 http cache recharts@https://registry.npmjs.org/recharts/-/recharts-3.10.1.tgz 0ms (cache hit)
1653 http cache lucide-react@https://registry.npmjs.org/lucide-react/-/lucide-react-0.542.0.tgz 0ms (cache hit)
1654 http cache react@https://registry.npmjs.org/react/-/react-19.2.8.tgz 0ms (cache hit)
1655 http cache eslint-plugin-react-refresh@https://registry.npmjs.org/eslint-plugin-react-refresh/-/eslint-plugin-react-refresh-0.5.6.tgz 0ms (cache hit)
1656 http cache @vitejs/plugin-react@https://registry.npmjs.org/@vitejs/plugin-react/-/plugin-react-6.1.1.tgz 0ms (cache hit)
1657 http cache @types/react@https://registry.npmjs.org/@types/react/-/react-19.2.18.tgz 0ms (cache hit)
1658 http cache @typescript-eslint/typescript-estree@https://registry.npmjs.org/@typescript-eslint/typescript-estree/-/typescript-estree-8.69.0.tgz 0ms (cache hit)
1659 http cache eslint-plugin-react-hooks@https://registry.npmjs.org/eslint-plugin-react-hooks/-/eslint-plugin-react-hooks-7.1.1.tgz 0ms (cache hit)
1660 http cache @eslint/js@https://registry.npmjs.org/@eslint/js/-/js-10.0.1.tgz 0ms (cache hit)
1661 http cache vite@https://registry.npmjs.org/vite/-/vite-8.2.2.tgz 0ms (cache hit)
1662 http cache eslint@https://registry.npmjs.org/eslint/-/eslint-10.9.1.tgz 0ms (cache hit)
1663 http cache @types/react-dom@https://registry.npmjs.org/@types/react-dom/-/react-dom-19.2.5.tgz 0ms (cache hit)
1664 silly tarball no local data for isexe@https://registry.npmjs.org/isexe/-/isexe-2.0.0.tgz. Extracting by manifest.
1665 http cache ignore@https://registry.npmjs.org/ignore/-/ignore-7.0.8.tgz 0ms (cache hit)
1666 silly tarball no local data for @rolldown/binding-win32-x64-msvc@https://registry.npmjs.org/@rolldown/binding-win32-x64-msvc/-/binding-win32-x64-msvc-1.2.7.tgz. Extracting by manifest.
1667 silly tarball no local data for source-map-js@https://registry.npmjs.org/source-map-js/-/source-map-js-1.2.1.tgz. Extracting by manifest.
1668 silly tarball no local data for @oxc-project/types@https://registry.npmjs.org/@oxc-project/types/-/types-0.148.0.tgz. Extracting by manifest.
1669 silly tarball no local data for nanoid@https://registry.npmjs.org/nanoid/-/nanoid-3.3.18.tgz. Extracting by manifest.
1670 silly tarball no local data for lightningcss-win32-x64-msvc@https://registry.npmjs.org/lightningcss-win32-x64-msvc/-/lightningcss-win32-x64-msvc-1.33.0.tgz. Extracting by manifest.
1671 silly tarball no local data for detect-libc@https://registry.npmjs.org/detect-libc/-/detect-libc-2.1.2.tgz. Extracting by manifest.
1672 silly tarball no local data for rolldown@https://registry.npmjs.org/rolldown/-/rolldown-1.2.7.tgz. Extracting by manifest.
1673 silly tarball no local data for postcss@https://registry.npmjs.org/postcss/-/postcss-8.5.26.tgz. Extracting by manifest.
1674 silly tarball no local data for lightningcss@https://registry.npmjs.org/lightningcss/-/lightningcss-1.33.0.tgz. Extracting by manifest.
1675 silly tarball no local data for d3-format@https://registry.npmjs.org/d3-format/-/d3-format-3.1.2.tgz. Extracting by manifest.
1676 http cache eslint-visitor-keys@https://registry.npmjs.org/eslint-visitor-keys/-/eslint-visitor-keys-3.4.3.tgz 0ms (cache hit)
1677 silly tarball no local data for d3-path@https://registry.npmjs.org/d3-path/-/d3-path-3.1.0.tgz. Extracting by manifest.
1678 silly tarball no local data for @types/d3-path@https://registry.npmjs.org/@types/d3-path/-/d3-path-3.1.1.tgz. Extracting by manifest.
1679 silly tarball no local data for @types/d3-color@https://registry.npmjs.org/@types/d3-color/-/d3-color-3.1.3.tgz. Extracting by manifest.
1680 silly tarball no local data for d3-time-format@https://registry.npmjs.org/d3-time-format/-/d3-time-format-4.1.0.tgz. Extracting by manifest.
1681 silly tarball no local data for d3-color@https://registry.npmjs.org/d3-color/-/d3-color-3.1.0.tgz. Extracting by manifest.
1682 silly tarball no local data for internmap@https://registry.npmjs.org/internmap/-/internmap-2.0.3.tgz. Extracting by manifest.
1683 silly tarball no local data for d3-shape@https://registry.npmjs.org/d3-shape/-/d3-shape-3.2.0.tgz. Extracting by manifest.
1684 silly tarball no local data for d3-timer@https://registry.npmjs.org/d3-timer/-/d3-timer-3.0.1.tgz. Extracting by manifest.
1685 silly tarball no local data for d3-time@https://registry.npmjs.org/d3-time/-/d3-time-3.1.0.tgz. Extracting by manifest.
1686 silly tarball no local data for d3-scale@https://registry.npmjs.org/d3-scale/-/d3-scale-4.0.2.tgz. Extracting by manifest.
1687 silly tarball no local data for @types/d3-timer@https://registry.npmjs.org/@types/d3-timer/-/d3-timer-3.0.2.tgz. Extracting by manifest.
1688 silly tarball no local data for @types/d3-time@https://registry.npmjs.org/@types/d3-time/-/d3-time-3.0.4.tgz. Extracting by manifest.
1689 silly tarball no local data for @types/d3-shape@https://registry.npmjs.org/@types/d3-shape/-/d3-shape-3.2.0.tgz. Extracting by manifest.
1690 silly tarball no local data for d3-array@https://registry.npmjs.org/d3-array/-/d3-array-3.2.4.tgz. Extracting by manifest.
1691 silly tarball no local data for @types/d3-ease@https://registry.npmjs.org/@types/d3-ease/-/d3-ease-3.0.2.tgz. Extracting by manifest.
1692 silly tarball no local data for d3-interpolate@https://registry.npmjs.org/d3-interpolate/-/d3-interpolate-3.0.1.tgz. Extracting by manifest.
1693 silly tarball no local data for d3-ease@https://registry.npmjs.org/d3-ease/-/d3-ease-3.0.1.tgz. Extracting by manifest.
1694 silly tarball no local data for @types/d3-scale@https://registry.npmjs.org/@types/d3-scale/-/d3-scale-4.0.9.tgz. Extracting by manifest.
1695 silly tarball no local data for @types/d3-array@https://registry.npmjs.org/@types/d3-array/-/d3-array-3.2.2.tgz. Extracting by manifest.
1696 silly tarball no local data for @types/d3-interpolate@https://registry.npmjs.org/@types/d3-interpolate/-/d3-interpolate-3.0.4.tgz. Extracting by manifest.
1697 silly tarball no local data for punycode@https://registry.npmjs.org/punycode/-/punycode-2.3.1.tgz. Extracting by manifest.
1698 silly tarball no local data for escalade@https://registry.npmjs.org/escalade/-/escalade-3.2.0.tgz. Extracting by manifest.
1699 silly tarball no local data for @typescript-eslint/project-service@https://registry.npmjs.org/@typescript-eslint/project-service/-/project-service-8.69.0.tgz. Extracting by manifest.
1700 silly tarball no local data for picomatch@https://registry.npmjs.org/picomatch/-/picomatch-4.0.7.tgz. Extracting by manifest.
1701 silly tarball no local data for @typescript-eslint/types@https://registry.npmjs.org/@typescript-eslint/types/-/types-8.69.0.tgz. Extracting by manifest.
1702 silly tarball no local data for @typescript-eslint/visitor-keys@https://registry.npmjs.org/@typescript-eslint/visitor-keys/-/visitor-keys-8.69.0.tgz. Extracting by manifest.
1703 silly tarball no local data for fdir@https://registry.npmjs.org/fdir/-/fdir-6.5.0.tgz. Extracting by manifest.
1704 silly tarball no local data for ts-api-utils@https://registry.npmjs.org/ts-api-utils/-/ts-api-utils-2.5.0.tgz. Extracting by manifest.
1705 silly tarball no local data for @typescript-eslint/type-utils@https://registry.npmjs.org/@typescript-eslint/type-utils/-/type-utils-8.69.0.tgz. Extracting by manifest.
1706 silly tarball no local data for @typescript-eslint/scope-manager@https://registry.npmjs.org/@typescript-eslint/scope-manager/-/scope-manager-8.69.0.tgz. Extracting by manifest.
1707 silly tarball no local data for @typescript-eslint/utils@https://registry.npmjs.org/@typescript-eslint/utils/-/utils-8.69.0.tgz. Extracting by manifest.
1708 silly tarball no local data for tinyglobby@https://registry.npmjs.org/tinyglobby/-/tinyglobby-0.2.17.tgz. Extracting by manifest.
1709 silly tarball no local data for redux-thunk@https://registry.npmjs.org/redux-thunk/-/redux-thunk-3.1.0.tgz. Extracting by manifest.
1710 silly tarball no local data for shebang-regex@https://registry.npmjs.org/shebang-regex/-/shebang-regex-3.0.0.tgz. Extracting by manifest.
1711 silly tarball no local data for @types/use-sync-external-store@https://registry.npmjs.org/@types/use-sync-external-store/-/use-sync-external-store-0.0.6.tgz. Extracting by manifest.
1712 silly tarball no local data for @typescript-eslint/parser@https://registry.npmjs.org/@typescript-eslint/parser/-/parser-8.69.0.tgz. Extracting by manifest.
1713 silly tarball no local data for @typescript-eslint/eslint-plugin@https://registry.npmjs.org/@typescript-eslint/eslint-plugin/-/eslint-plugin-8.69.0.tgz. Extracting by manifest.
1714 silly tarball no local data for redux@https://registry.npmjs.org/redux/-/redux-5.0.1.tgz. Extracting by manifest.
1715 silly tarball no local data for @standard-schema/utils@https://registry.npmjs.org/@standard-schema/utils/-/utils-0.3.0.tgz. Extracting by manifest.
1716 silly tarball no local data for @standard-schema/spec@https://registry.npmjs.org/@standard-schema/spec/-/spec-1.1.0.tgz. Extracting by manifest.
1717 silly tarball no local data for victory-vendor@https://registry.npmjs.org/victory-vendor/-/victory-vendor-37.3.6.tgz. Extracting by manifest.
1718 silly tarball no local data for use-sync-external-store@https://registry.npmjs.org/use-sync-external-store/-/use-sync-external-store-1.6.0.tgz. Extracting by manifest.
1719 silly tarball no local data for react-redux@https://registry.npmjs.org/react-redux/-/react-redux-9.3.0.tgz. Extracting by manifest.
1720 silly tarball no local data for tiny-invariant@https://registry.npmjs.org/tiny-invariant/-/tiny-invariant-1.3.3.tgz. Extracting by manifest.
1721 silly tarball no local data for reselect@https://registry.npmjs.org/reselect/-/reselect-5.2.0.tgz. Extracting by manifest.
1722 silly tarball no local data for eventemitter3@https://registry.npmjs.org/eventemitter3/-/eventemitter3-5.0.4.tgz. Extracting by manifest.
1723 silly tarball no local data for immer@https://registry.npmjs.org/immer/-/immer-11.1.18.tgz. Extracting by manifest.
1724 silly tarball no local data for @reduxjs/toolkit@https://registry.npmjs.org/@reduxjs/toolkit/-/toolkit-2.12.0.tgz. Extracting by manifest.
1725 silly tarball no local data for decimal.js-light@https://registry.npmjs.org/decimal.js-light/-/decimal.js-light-2.5.1.tgz. Extracting by manifest.
1726 silly tarball no local data for es-toolkit@https://registry.npmjs.org/es-toolkit/-/es-toolkit-1.52.0.tgz. Extracting by manifest.
1727 http cache semver@https://registry.npmjs.org/semver/-/semver-7.8.5.tgz 0ms (cache hit)
1728 silly tarball no local data for clsx@https://registry.npmjs.org/clsx/-/clsx-2.1.1.tgz. Extracting by manifest.
1729 silly tarball no local data for scheduler@https://registry.npmjs.org/scheduler/-/scheduler-0.27.0.tgz. Extracting by manifest.
1730 silly tarball no local data for yocto-queue@https://registry.npmjs.org/yocto-queue/-/yocto-queue-0.1.0.tgz. Extracting by manifest.
1731 silly tarball no local data for @typescript-eslint/tsconfig-utils@https://registry.npmjs.org/@typescript-eslint/tsconfig-utils/-/tsconfig-utils-8.69.0.tgz. Extracting by manifest.
1732 silly tarball no local data for word-wrap@https://registry.npmjs.org/word-wrap/-/word-wrap-1.2.5.tgz. Extracting by manifest.
1733 silly tarball no local data for p-limit@https://registry.npmjs.org/p-limit/-/p-limit-3.1.0.tgz. Extracting by manifest.
1734 silly tarball no local data for balanced-match@https://registry.npmjs.org/balanced-match/-/balanced-match-4.0.4.tgz. Extracting by manifest.
1735 silly tarball no local data for fast-levenshtein@https://registry.npmjs.org/fast-levenshtein/-/fast-levenshtein-2.0.6.tgz. Extracting by manifest.
1736 silly tarball no local data for yallist@https://registry.npmjs.org/yallist/-/yallist-3.1.1.tgz. Extracting by manifest.
1737 silly tarball no local data for prelude-ls@https://registry.npmjs.org/prelude-ls/-/prelude-ls-1.2.1.tgz. Extracting by manifest.
1738 silly tarball no local data for is-extglob@https://registry.npmjs.org/is-extglob/-/is-extglob-2.1.1.tgz. Extracting by manifest.
1739 silly tarball no local data for type-check@https://registry.npmjs.org/type-check/-/type-check-0.4.0.tgz. Extracting by manifest.
1740 silly tarball no local data for json-buffer@https://registry.npmjs.org/json-buffer/-/json-buffer-3.0.1.tgz. Extracting by manifest.
1741 silly tarball no local data for keyv@https://registry.npmjs.org/keyv/-/keyv-4.5.4.tgz. Extracting by manifest.
1742 silly tarball no local data for hermes-estree@https://registry.npmjs.org/hermes-estree/-/hermes-estree-0.25.1.tgz. Extracting by manifest.
1743 silly tarball no local data for flatted@https://registry.npmjs.org/flatted/-/flatted-3.4.4.tgz. Extracting by manifest.
1744 silly tarball no local data for path-exists@https://registry.npmjs.org/path-exists/-/path-exists-4.0.0.tgz. Extracting by manifest.
1745 silly tarball no local data for flat-cache@https://registry.npmjs.org/flat-cache/-/flat-cache-4.0.1.tgz. Extracting by manifest.
1746 silly tarball no local data for locate-path@https://registry.npmjs.org/locate-path/-/locate-path-6.0.0.tgz. Extracting by manifest.
1747 silly tarball no local data for acorn-jsx@https://registry.npmjs.org/acorn-jsx/-/acorn-jsx-5.3.2.tgz. Extracting by manifest.
1748 silly tarball no local data for acorn@https://registry.npmjs.org/acorn/-/acorn-8.18.0.tgz. Extracting by manifest.
1749 silly tarball no local data for estraverse@https://registry.npmjs.org/estraverse/-/estraverse-5.3.0.tgz. Extracting by manifest.
1750 silly tarball no local data for @types/esrecurse@https://registry.npmjs.org/@types/esrecurse/-/esrecurse-4.3.1.tgz. Extracting by manifest.
1751 silly tarball no local data for deep-is@https://registry.npmjs.org/deep-is/-/deep-is-0.1.4.tgz. Extracting by manifest.
1752 silly tarball no local data for esrecurse@https://registry.npmjs.org/esrecurse/-/esrecurse-4.3.0.tgz. Extracting by manifest.
1753 silly tarball no local data for brace-expansion@https://registry.npmjs.org/brace-expansion/-/brace-expansion-5.0.9.tgz. Extracting by manifest.
1754 silly tarball no local data for update-browserslist-db@https://registry.npmjs.org/update-browserslist-db/-/update-browserslist-db-1.3.2.tgz. Extracting by manifest.
1755 silly tarball no local data for p-locate@https://registry.npmjs.org/p-locate/-/p-locate-5.0.0.tgz. Extracting by manifest.
1756 silly tarball no local data for node-releases@https://registry.npmjs.org/node-releases/-/node-releases-2.0.54.tgz. Extracting by manifest.
1757 silly tarball no local data for @jridgewell/resolve-uri@https://registry.npmjs.org/@jridgewell/resolve-uri/-/resolve-uri-3.1.2.tgz. Extracting by manifest.
1758 silly tarball no local data for @jridgewell/sourcemap-codec@https://registry.npmjs.org/@jridgewell/sourcemap-codec/-/sourcemap-codec-1.6.0.tgz. Extracting by manifest.
1759 silly tarball no local data for electron-to-chromium@https://registry.npmjs.org/electron-to-chromium/-/electron-to-chromium-1.5.420.tgz. Extracting by manifest.
1760 silly tarball no local data for @babel/helper-string-parser@https://registry.npmjs.org/@babel/helper-string-parser/-/helper-string-parser-7.29.7.tgz. Extracting by manifest.
1761 silly tarball no local data for caniuse-lite@https://registry.npmjs.org/caniuse-lite/-/caniuse-lite-1.0.30001810.tgz. Extracting by manifest.
1762 silly tarball no local data for @babel/helper-globals@https://registry.npmjs.org/@babel/helper-globals/-/helper-globals-7.29.7.tgz. Extracting by manifest.
1763 silly tarball no local data for baseline-browser-mapping@https://registry.npmjs.org/baseline-browser-mapping/-/baseline-browser-mapping-2.11.20.tgz. Extracting by manifest.
1764 silly tarball no local data for @babel/helper-module-imports@https://registry.npmjs.org/@babel/helper-module-imports/-/helper-module-imports-7.29.7.tgz. Extracting by manifest.
1765 silly tarball no local data for lru-cache@https://registry.npmjs.org/lru-cache/-/lru-cache-5.1.1.tgz. Extracting by manifest.
1766 silly tarball no local data for browserslist@https://registry.npmjs.org/browserslist/-/browserslist-4.28.8.tgz. Extracting by manifest.
1767 silly tarball no local data for @babel/helper-validator-option@https://registry.npmjs.org/@babel/helper-validator-option/-/helper-validator-option-7.29.7.tgz. Extracting by manifest.
1768 silly tarball no local data for jsesc@https://registry.npmjs.org/jsesc/-/jsesc-3.1.0.tgz. Extracting by manifest.
1769 silly tarball no local data for @babel/compat-data@https://registry.npmjs.org/@babel/compat-data/-/compat-data-7.29.7.tgz. Extracting by manifest.
1770 silly tarball no local data for picocolors@https://registry.npmjs.org/picocolors/-/picocolors-1.1.1.tgz. Extracting by manifest.
1771 silly tarball no local data for @jridgewell/gen-mapping@https://registry.npmjs.org/@jridgewell/gen-mapping/-/gen-mapping-0.3.13.tgz. Extracting by manifest.
1772 silly tarball no local data for @jridgewell/trace-mapping@https://registry.npmjs.org/@jridgewell/trace-mapping/-/trace-mapping-0.3.31.tgz. Extracting by manifest.
1773 silly tarball no local data for @babel/helper-validator-identifier@https://registry.npmjs.org/@babel/helper-validator-identifier/-/helper-validator-identifier-7.29.7.tgz. Extracting by manifest.
1774 silly tarball no local data for js-tokens@https://registry.npmjs.org/js-tokens/-/js-tokens-4.0.0.tgz. Extracting by manifest.
1775 silly tarball no local data for json5@https://registry.npmjs.org/json5/-/json5-2.2.3.tgz. Extracting by manifest.
1776 silly tarball no local data for semver@https://registry.npmjs.org/semver/-/semver-6.3.1.tgz. Extracting by manifest.
1777 silly tarball no local data for gensync@https://registry.npmjs.org/gensync/-/gensync-1.0.0-beta.2.tgz. Extracting by manifest.
1778 silly tarball no local data for @jridgewell/remapping@https://registry.npmjs.org/@jridgewell/remapping/-/remapping-2.3.5.tgz. Extracting by manifest.
1779 silly tarball no local data for convert-source-map@https://registry.npmjs.org/convert-source-map/-/convert-source-map-2.0.0.tgz. Extracting by manifest.
1780 silly tarball no local data for @babel/traverse@https://registry.npmjs.org/@babel/traverse/-/traverse-7.29.8.tgz. Extracting by manifest.
1781 silly tarball no local data for @babel/types@https://registry.npmjs.org/@babel/types/-/types-7.29.8.tgz. Extracting by manifest.
1782 silly tarball no local data for @babel/helpers@https://registry.npmjs.org/@babel/helpers/-/helpers-7.29.7.tgz. Extracting by manifest.
1783 silly tarball no local data for @babel/template@https://registry.npmjs.org/@babel/template/-/template-7.29.7.tgz. Extracting by manifest.
1784 silly tarball no local data for @babel/helper-module-transforms@https://registry.npmjs.org/@babel/helper-module-transforms/-/helper-module-transforms-7.29.7.tgz. Extracting by manifest.
1785 silly tarball no local data for @babel/helper-compilation-targets@https://registry.npmjs.org/@babel/helper-compilation-targets/-/helper-compilation-targets-7.29.7.tgz. Extracting by manifest.
1786 silly tarball no local data for @babel/generator@https://registry.npmjs.org/@babel/generator/-/generator-7.29.8.tgz. Extracting by manifest.
1787 silly tarball no local data for @babel/code-frame@https://registry.npmjs.org/@babel/code-frame/-/code-frame-7.29.7.tgz. Extracting by manifest.
1788 silly tarball no local data for @babel/parser@https://registry.npmjs.org/@babel/parser/-/parser-7.29.8.tgz. Extracting by manifest.
1789 silly tarball no local data for zod-validation-error@https://registry.npmjs.org/zod-validation-error/-/zod-validation-error-4.0.2.tgz. Extracting by manifest.
1790 silly tarball no local data for @babel/core@https://registry.npmjs.org/@babel/core/-/core-7.29.7.tgz. Extracting by manifest.
1791 silly tarball no local data for zod@https://registry.npmjs.org/zod/-/zod-4.5.4.tgz. Extracting by manifest.
1792 silly tarball no local data for hermes-parser@https://registry.npmjs.org/hermes-parser/-/hermes-parser-0.25.1.tgz. Extracting by manifest.
1793 silly tarball no local data for shebang-command@https://registry.npmjs.org/shebang-command/-/shebang-command-2.0.0.tgz. Extracting by manifest.
1794 silly tarball no local data for ms@https://registry.npmjs.org/ms/-/ms-2.1.3.tgz. Extracting by manifest.
1795 silly tarball no local data for which@https://registry.npmjs.org/which/-/which-2.0.2.tgz. Extracting by manifest.
1796 silly tarball no local data for path-key@https://registry.npmjs.org/path-key/-/path-key-3.1.1.tgz. Extracting by manifest.
1797 silly tarball no local data for @humanfs/types@https://registry.npmjs.org/@humanfs/types/-/types-0.15.0.tgz. Extracting by manifest.
1798 silly tarball no local data for @humanfs/core@https://registry.npmjs.org/@humanfs/core/-/core-0.19.2.tgz. Extracting by manifest.
1799 silly tarball no local data for uri-js@https://registry.npmjs.org/uri-js/-/uri-js-4.4.1.tgz. Extracting by manifest.
1800 silly tarball no local data for fast-json-stable-stringify@https://registry.npmjs.org/fast-json-stable-stringify/-/fast-json-stable-stringify-2.1.0.tgz. Extracting by manifest.
1801 silly tarball no local data for json-schema-traverse@https://registry.npmjs.org/json-schema-traverse/-/json-schema-traverse-0.4.1.tgz. Extracting by manifest.
1802 silly tarball no local data for @types/json-schema@https://registry.npmjs.org/@types/json-schema/-/json-schema-7.0.15.tgz. Extracting by manifest.
1803 silly tarball no local data for @eslint/object-schema@https://registry.npmjs.org/@eslint/object-schema/-/object-schema-3.0.5.tgz. Extracting by manifest.
1804 silly tarball no local data for levn@https://registry.npmjs.org/levn/-/levn-0.4.1.tgz. Extracting by manifest.
1805 silly tarball no local data for optionator@https://registry.npmjs.org/optionator/-/optionator-0.9.4.tgz. Extracting by manifest.
1806 silly tarball no local data for natural-compare@https://registry.npmjs.org/natural-compare/-/natural-compare-1.4.0.tgz. Extracting by manifest.
1807 silly tarball no local data for minimatch@https://registry.npmjs.org/minimatch/-/minimatch-10.2.6.tgz. Extracting by manifest.
1808 silly tarball no local data for json-stable-stringify-without-jsonify@https://registry.npmjs.org/json-stable-stringify-without-jsonify/-/json-stable-stringify-without-jsonify-1.0.1.tgz. Extracting by manifest.
1809 silly tarball no local data for is-glob@https://registry.npmjs.org/is-glob/-/is-glob-4.0.3.tgz. Extracting by manifest.
1810 silly tarball no local data for imurmurhash@https://registry.npmjs.org/imurmurhash/-/imurmurhash-0.1.4.tgz. Extracting by manifest.
1811 silly tarball no local data for ignore@https://registry.npmjs.org/ignore/-/ignore-5.3.2.tgz. Extracting by manifest.
1812 silly tarball no local data for glob-parent@https://registry.npmjs.org/glob-parent/-/glob-parent-6.0.2.tgz. Extracting by manifest.
1813 silly tarball no local data for find-up@https://registry.npmjs.org/find-up/-/find-up-5.0.0.tgz. Extracting by manifest.
1814 silly tarball no local data for file-entry-cache@https://registry.npmjs.org/file-entry-cache/-/file-entry-cache-8.0.0.tgz. Extracting by manifest.
1815 silly tarball no local data for fast-deep-equal@https://registry.npmjs.org/fast-deep-equal/-/fast-deep-equal-3.1.3.tgz. Extracting by manifest.
1816 silly tarball no local data for esutils@https://registry.npmjs.org/esutils/-/esutils-2.0.3.tgz. Extracting by manifest.
1817 silly tarball no local data for esquery@https://registry.npmjs.org/esquery/-/esquery-1.7.0.tgz. Extracting by manifest.
1818 silly tarball no local data for eslint-visitor-keys@https://registry.npmjs.org/eslint-visitor-keys/-/eslint-visitor-keys-5.0.1.tgz. Extracting by manifest.
1819 silly tarball no local data for espree@https://registry.npmjs.org/espree/-/espree-11.2.0.tgz. Extracting by manifest.
1820 silly tarball no local data for escape-string-regexp@https://registry.npmjs.org/escape-string-regexp/-/escape-string-regexp-4.0.0.tgz. Extracting by manifest.
1821 silly tarball no local data for eslint-scope@https://registry.npmjs.org/eslint-scope/-/eslint-scope-9.1.2.tgz. Extracting by manifest.
1822 silly tarball no local data for cross-spawn@https://registry.npmjs.org/cross-spawn/-/cross-spawn-7.0.6.tgz. Extracting by manifest.
1823 silly tarball no local data for debug@https://registry.npmjs.org/debug/-/debug-4.4.3.tgz. Extracting by manifest.
1824 silly tarball no local data for @types/estree@https://registry.npmjs.org/@types/estree/-/estree-1.0.9.tgz. Extracting by manifest.
1825 silly tarball no local data for ajv@https://registry.npmjs.org/ajv/-/ajv-6.15.0.tgz. Extracting by manifest.
1826 silly tarball no local data for @humanfs/node@https://registry.npmjs.org/@humanfs/node/-/node-0.16.8.tgz. Extracting by manifest.
1827 silly tarball no local data for @humanwhocodes/module-importer@https://registry.npmjs.org/@humanwhocodes/module-importer/-/module-importer-1.0.1.tgz. Extracting by manifest.
1828 silly tarball no local data for @humanwhocodes/retry@https://registry.npmjs.org/@humanwhocodes/retry/-/retry-0.4.3.tgz. Extracting by manifest.
1829 silly tarball no local data for @eslint/plugin-kit@https://registry.npmjs.org/@eslint/plugin-kit/-/plugin-kit-0.7.2.tgz. Extracting by manifest.
1830 silly tarball no local data for @eslint-community/regexpp@https://registry.npmjs.org/@eslint-community/regexpp/-/regexpp-4.12.2.tgz. Extracting by manifest.
1831 silly tarball no local data for @eslint/core@https://registry.npmjs.org/@eslint/core/-/core-1.2.1.tgz. Extracting by manifest.
1832 silly tarball no local data for @eslint/config-helpers@https://registry.npmjs.org/@eslint/config-helpers/-/config-helpers-0.7.0.tgz. Extracting by manifest.
1833 silly tarball no local data for @eslint-community/eslint-utils@https://registry.npmjs.org/@eslint-community/eslint-utils/-/eslint-utils-4.10.1.tgz. Extracting by manifest.
1834 silly tarball no local data for @rolldown/pluginutils@https://registry.npmjs.org/@rolldown/pluginutils/-/pluginutils-1.0.1.tgz. Extracting by manifest.
1835 silly tarball no local data for csstype@https://registry.npmjs.org/csstype/-/csstype-3.2.3.tgz. Extracting by manifest.
1836 silly tarball no local data for @eslint/config-array@https://registry.npmjs.org/@eslint/config-array/-/config-array-0.23.5.tgz. Extracting by manifest.
1837 silly tarball no local data for typescript-eslint@https://registry.npmjs.org/typescript-eslint/-/typescript-eslint-8.69.0.tgz. Extracting by manifest.
1838 silly tarball no local data for typescript@https://registry.npmjs.org/typescript/-/typescript-6.0.3.tgz. Extracting by manifest.
1839 silly tarball no local data for react-dom@https://registry.npmjs.org/react-dom/-/react-dom-19.2.8.tgz. Extracting by manifest.
1840 silly tarball no local data for react-is@https://registry.npmjs.org/react-is/-/react-is-19.2.8.tgz. Extracting by manifest.
1841 silly tarball no local data for recharts@https://registry.npmjs.org/recharts/-/recharts-3.10.1.tgz. Extracting by manifest.
1842 silly tarball no local data for lucide-react@https://registry.npmjs.org/lucide-react/-/lucide-react-0.542.0.tgz. Extracting by manifest.
1843 silly tarball no local data for react@https://registry.npmjs.org/react/-/react-19.2.8.tgz. Extracting by manifest.
1844 silly tarball no local data for eslint-plugin-react-refresh@https://registry.npmjs.org/eslint-plugin-react-refresh/-/eslint-plugin-react-refresh-0.5.6.tgz. Extracting by manifest.
1845 silly tarball no local data for @vitejs/plugin-react@https://registry.npmjs.org/@vitejs/plugin-react/-/plugin-react-6.1.1.tgz. Extracting by manifest.
1846 silly tarball no local data for @types/react@https://registry.npmjs.org/@types/react/-/react-19.2.18.tgz. Extracting by manifest.
1847 silly tarball no local data for @typescript-eslint/typescript-estree@https://registry.npmjs.org/@typescript-eslint/typescript-estree/-/typescript-estree-8.69.0.tgz. Extracting by manifest.
1848 silly tarball no local data for eslint-plugin-react-hooks@https://registry.npmjs.org/eslint-plugin-react-hooks/-/eslint-plugin-react-hooks-7.1.1.tgz. Extracting by manifest.
1849 silly tarball no local data for @eslint/js@https://registry.npmjs.org/@eslint/js/-/js-10.0.1.tgz. Extracting by manifest.
1850 silly tarball no local data for vite@https://registry.npmjs.org/vite/-/vite-8.2.2.tgz. Extracting by manifest.
1851 silly tarball no local data for eslint@https://registry.npmjs.org/eslint/-/eslint-10.9.1.tgz. Extracting by manifest.
1852 silly tarball no local data for @types/react-dom@https://registry.npmjs.org/@types/react-dom/-/react-dom-19.2.5.tgz. Extracting by manifest.
1853 silly tarball no local data for ignore@https://registry.npmjs.org/ignore/-/ignore-7.0.8.tgz. Extracting by manifest.
1854 silly tarball no local data for eslint-visitor-keys@https://registry.npmjs.org/eslint-visitor-keys/-/eslint-visitor-keys-3.4.3.tgz. Extracting by manifest.
1855 silly tarball no local data for semver@https://registry.npmjs.org/semver/-/semver-7.8.5.tgz. Extracting by manifest.
1856 http fetch POST 200 https://registry.npmjs.org/-/npm/v1/security/advisories/bulk 520ms
1857 silly audit report {}
1858 http fetch GET 200 https://registry.npmjs.org/isexe/-/isexe-2.0.0.tgz 450ms (cache miss)
1859 http fetch GET 200 https://registry.npmjs.org/nanoid/-/nanoid-3.3.18.tgz 448ms (cache miss)
1860 http fetch GET 200 https://registry.npmjs.org/d3-format/-/d3-format-3.1.2.tgz 444ms (cache miss)
1861 http fetch GET 200 https://registry.npmjs.org/@types/d3-path/-/d3-path-3.1.1.tgz 458ms (cache miss)
1862 http fetch GET 200 https://registry.npmjs.org/@types/d3-color/-/d3-color-3.1.3.tgz 470ms (cache miss)
1863 http fetch GET 200 https://registry.npmjs.org/d3-timer/-/d3-timer-3.0.1.tgz 469ms (cache miss)
1864 http fetch GET 200 https://registry.npmjs.org/detect-libc/-/detect-libc-2.1.2.tgz 497ms (cache miss)
1865 http fetch GET 200 https://registry.npmjs.org/@oxc-project/types/-/types-0.148.0.tgz 501ms (cache miss)
1866 http fetch GET 200 https://registry.npmjs.org/d3-path/-/d3-path-3.1.0.tgz 496ms (cache miss)
1867 http fetch GET 200 https://registry.npmjs.org/internmap/-/internmap-2.0.3.tgz 513ms (cache miss)
1868 http fetch GET 200 https://registry.npmjs.org/@types/d3-ease/-/d3-ease-3.0.2.tgz 542ms (cache miss)
1869 http fetch GET 200 https://registry.npmjs.org/@types/d3-time/-/d3-time-3.0.4.tgz 545ms (cache miss)
1870 http fetch GET 200 https://registry.npmjs.org/@types/d3-timer/-/d3-timer-3.0.2.tgz 626ms (cache miss)
1871 http fetch GET 200 https://registry.npmjs.org/@types/d3-array/-/d3-array-3.2.2.tgz 625ms (cache miss)
1872 http fetch GET 200 https://registry.npmjs.org/escalade/-/escalade-3.2.0.tgz 719ms (cache miss)
1873 http fetch GET 200 https://registry.npmjs.org/punycode/-/punycode-2.3.1.tgz 722ms (cache miss)
1874 http fetch GET 200 https://registry.npmjs.org/@types/d3-interpolate/-/d3-interpolate-3.0.4.tgz 723ms (cache miss)
1875 http fetch GET 200 https://registry.npmjs.org/@types/d3-shape/-/d3-shape-3.2.0.tgz 741ms (cache miss)
1876 http fetch GET 200 https://registry.npmjs.org/fdir/-/fdir-6.5.0.tgz 731ms (cache miss)
1877 http fetch GET 200 https://registry.npmjs.org/@typescript-eslint/project-service/-/project-service-8.69.0.tgz 735ms (cache miss)
1878 http fetch GET 200 https://registry.npmjs.org/redux-thunk/-/redux-thunk-3.1.0.tgz 749ms (cache miss)
1879 http fetch GET 200 https://registry.npmjs.org/@types/d3-scale/-/d3-scale-4.0.9.tgz 790ms (cache miss)
1880 http fetch GET 200 https://registry.npmjs.org/shebang-regex/-/shebang-regex-3.0.0.tgz 802ms (cache miss)
1881 http fetch GET 200 https://registry.npmjs.org/tinyglobby/-/tinyglobby-0.2.17.tgz 831ms (cache miss)
1882 http fetch GET 200 https://registry.npmjs.org/@typescript-eslint/visitor-keys/-/visitor-keys-8.69.0.tgz 862ms (cache miss)
1883 http fetch GET 200 https://registry.npmjs.org/@types/use-sync-external-store/-/use-sync-external-store-0.0.6.tgz 856ms (cache miss)
1884 http fetch GET 200 https://registry.npmjs.org/@standard-schema/utils/-/utils-0.3.0.tgz 855ms (cache miss)
1885 http fetch GET 200 https://registry.npmjs.org/tiny-invariant/-/tiny-invariant-1.3.3.tgz 853ms (cache miss)
1886 http fetch GET 200 https://registry.npmjs.org/use-sync-external-store/-/use-sync-external-store-1.6.0.tgz 882ms (cache miss)
1887 http fetch GET 200 https://registry.npmjs.org/@standard-schema/spec/-/spec-1.1.0.tgz 886ms (cache miss)
1888 http fetch GET 200 https://registry.npmjs.org/clsx/-/clsx-2.1.1.tgz 969ms (cache miss)
1889 http fetch GET 200 https://registry.npmjs.org/@typescript-eslint/tsconfig-utils/-/tsconfig-utils-8.69.0.tgz 971ms (cache miss)
1890 http fetch GET 200 https://registry.npmjs.org/yallist/-/yallist-3.1.1.tgz 992ms (cache miss)
1891 http fetch GET 200 https://registry.npmjs.org/word-wrap/-/word-wrap-1.2.5.tgz 995ms (cache miss)
1892 http fetch GET 200 https://registry.npmjs.org/is-extglob/-/is-extglob-2.1.1.tgz 1019ms (cache miss)
1893 http fetch GET 200 https://registry.npmjs.org/yocto-queue/-/yocto-queue-0.1.0.tgz 1029ms (cache miss)
1894 http fetch GET 200 https://registry.npmjs.org/p-limit/-/p-limit-3.1.0.tgz 1055ms (cache miss)
1895 http fetch GET 200 https://registry.npmjs.org/type-check/-/type-check-0.4.0.tgz 1051ms (cache miss)
1896 http fetch GET 200 https://registry.npmjs.org/@types/esrecurse/-/esrecurse-4.3.1.tgz 1068ms (cache miss)
1897 http fetch GET 200 https://registry.npmjs.org/flat-cache/-/flat-cache-4.0.1.tgz 1075ms (cache miss)
1898 http fetch GET 200 https://registry.npmjs.org/path-exists/-/path-exists-4.0.0.tgz 1076ms (cache miss)
1899 http fetch GET 200 https://registry.npmjs.org/fast-levenshtein/-/fast-levenshtein-2.0.6.tgz 1110ms (cache miss)
1900 http fetch GET 200 https://registry.npmjs.org/json-buffer/-/json-buffer-3.0.1.tgz 1110ms (cache miss)
1901 http fetch GET 200 https://registry.npmjs.org/keyv/-/keyv-4.5.4.tgz 1109ms (cache miss)
1902 http fetch GET 200 https://registry.npmjs.org/flatted/-/flatted-3.4.4.tgz 1139ms (cache miss)
1903 http fetch GET 200 https://registry.npmjs.org/brace-expansion/-/brace-expansion-5.0.9.tgz 1133ms (cache miss)
1904 http fetch GET 200 https://registry.npmjs.org/p-locate/-/p-locate-5.0.0.tgz 1133ms (cache miss)
1905 http fetch GET 200 https://registry.npmjs.org/locate-path/-/locate-path-6.0.0.tgz 1139ms (cache miss)
1906 http fetch GET 200 https://registry.npmjs.org/deep-is/-/deep-is-0.1.4.tgz 1157ms (cache miss)
1907 http fetch GET 200 https://registry.npmjs.org/esrecurse/-/esrecurse-4.3.0.tgz 1157ms (cache miss)
1908 http fetch GET 200 https://registry.npmjs.org/@jridgewell/resolve-uri/-/resolve-uri-3.1.2.tgz 1155ms (cache miss)
1909 http fetch GET 200 https://registry.npmjs.org/update-browserslist-db/-/update-browserslist-db-1.3.2.tgz 1189ms (cache miss)
1910 http fetch GET 200 https://registry.npmjs.org/node-releases/-/node-releases-2.0.54.tgz 1188ms (cache miss)
1911 http fetch GET 200 https://registry.npmjs.org/@babel/helper-module-imports/-/helper-module-imports-7.29.7.tgz 1186ms (cache miss)
1912 http fetch GET 200 https://registry.npmjs.org/@babel/helper-globals/-/helper-globals-7.29.7.tgz 1224ms (cache miss)
1913 http fetch GET 200 https://registry.npmjs.org/@babel/helper-string-parser/-/helper-string-parser-7.29.7.tgz 1226ms (cache miss)
1914 http fetch GET 200 https://registry.npmjs.org/lru-cache/-/lru-cache-5.1.1.tgz 1257ms (cache miss)
1915 http fetch GET 200 https://registry.npmjs.org/picocolors/-/picocolors-1.1.1.tgz 1257ms (cache miss)
1916 http fetch GET 200 https://registry.npmjs.org/@babel/compat-data/-/compat-data-7.29.7.tgz 1300ms (cache miss)
1917 http fetch GET 200 https://registry.npmjs.org/@jridgewell/remapping/-/remapping-2.3.5.tgz 1291ms (cache miss)
1918 http fetch GET 200 https://registry.npmjs.org/estraverse/-/estraverse-5.3.0.tgz 1344ms (cache miss)
1919 http fetch GET 200 https://registry.npmjs.org/gensync/-/gensync-1.0.0-beta.2.tgz 1323ms (cache miss)
1920 http fetch GET 200 https://registry.npmjs.org/@babel/helper-validator-option/-/helper-validator-option-7.29.7.tgz 1337ms (cache miss)
1921 http fetch GET 200 https://registry.npmjs.org/js-tokens/-/js-tokens-4.0.0.tgz 1328ms (cache miss)
1922 http fetch GET 200 https://registry.npmjs.org/@babel/helper-compilation-targets/-/helper-compilation-targets-7.29.7.tgz 1321ms (cache miss)
1923 http fetch GET 200 https://registry.npmjs.org/convert-source-map/-/convert-source-map-2.0.0.tgz 1325ms (cache miss)
1924 http fetch GET 200 https://registry.npmjs.org/acorn-jsx/-/acorn-jsx-5.3.2.tgz 1371ms (cache miss)
1925 http fetch GET 200 https://registry.npmjs.org/ms/-/ms-2.1.3.tgz 1360ms (cache miss)
1926 http fetch GET 200 https://registry.npmjs.org/which/-/which-2.0.2.tgz 1356ms (cache miss)
1927 http fetch GET 200 https://registry.npmjs.org/path-key/-/path-key-3.1.1.tgz 1359ms (cache miss)
1928 http fetch GET 200 https://registry.npmjs.org/@types/json-schema/-/json-schema-7.0.15.tgz 1361ms (cache miss)
1929 http fetch GET 200 https://registry.npmjs.org/json-schema-traverse/-/json-schema-traverse-0.4.1.tgz 1372ms (cache miss)
1930 http fetch GET 200 https://registry.npmjs.org/fast-json-stable-stringify/-/fast-json-stable-stringify-2.1.0.tgz 1375ms (cache miss)
1931 http fetch GET 200 https://registry.npmjs.org/is-glob/-/is-glob-4.0.3.tgz 1368ms (cache miss)
1932 http fetch GET 200 https://registry.npmjs.org/json-stable-stringify-without-jsonify/-/json-stable-stringify-without-jsonify-1.0.1.tgz 1370ms (cache miss)
1933 http fetch GET 200 https://registry.npmjs.org/shebang-command/-/shebang-command-2.0.0.tgz 1396ms (cache miss)
1934 http fetch GET 200 https://registry.npmjs.org/@humanfs/types/-/types-0.15.0.tgz 1404ms (cache miss)
1935 http fetch GET 200 https://registry.npmjs.org/imurmurhash/-/imurmurhash-0.1.4.tgz 1389ms (cache miss)
1936 http fetch GET 200 https://registry.npmjs.org/file-entry-cache/-/file-entry-cache-8.0.0.tgz 1387ms (cache miss)
1937 http fetch GET 200 https://registry.npmjs.org/find-up/-/find-up-5.0.0.tgz 1388ms (cache miss)
1938 http fetch GET 200 https://registry.npmjs.org/glob-parent/-/glob-parent-6.0.2.tgz 1390ms (cache miss)
1939 http fetch GET 200 https://registry.npmjs.org/@eslint/object-schema/-/object-schema-3.0.5.tgz 1396ms (cache miss)
1940 http fetch GET 200 https://registry.npmjs.org/fast-deep-equal/-/fast-deep-equal-3.1.3.tgz 1389ms (cache miss)
1941 http fetch GET 200 https://registry.npmjs.org/esutils/-/esutils-2.0.3.tgz 1393ms (cache miss)
1942 http fetch GET 200 https://registry.npmjs.org/natural-compare/-/natural-compare-1.4.0.tgz 1405ms (cache miss)
1943 http fetch GET 200 https://registry.npmjs.org/jsesc/-/jsesc-3.1.0.tgz 1465ms (cache miss)
1944 http fetch GET 200 https://registry.npmjs.org/ignore/-/ignore-5.3.2.tgz 1419ms (cache miss)
1945 http fetch GET 200 https://registry.npmjs.org/levn/-/levn-0.4.1.tgz 1423ms (cache miss)
1946 http fetch GET 200 https://registry.npmjs.org/eslint-visitor-keys/-/eslint-visitor-keys-5.0.1.tgz 1415ms (cache miss)
1947 http fetch GET 200 https://registry.npmjs.org/@humanwhocodes/module-importer/-/module-importer-1.0.1.tgz 1417ms (cache miss)
1948 http fetch GET 200 https://registry.npmjs.org/@humanwhocodes/retry/-/retry-0.4.3.tgz 1419ms (cache miss)
1949 http fetch GET 200 https://registry.npmjs.org/@types/estree/-/estree-1.0.9.tgz 1424ms (cache miss)
1950 http fetch GET 200 https://registry.npmjs.org/@babel/code-frame/-/code-frame-7.29.7.tgz 1468ms (cache miss)
1951 http fetch GET 200 https://registry.npmjs.org/cross-spawn/-/cross-spawn-7.0.6.tgz 1432ms (cache miss)
1952 http fetch GET 200 https://registry.npmjs.org/@humanfs/node/-/node-0.16.8.tgz 1430ms (cache miss)
1953 http fetch GET 200 https://registry.npmjs.org/@rolldown/pluginutils/-/pluginutils-1.0.1.tgz 1426ms (cache miss)
1954 http fetch GET 200 https://registry.npmjs.org/escape-string-regexp/-/escape-string-regexp-4.0.0.tgz 1446ms (cache miss)
1955 http fetch GET 200 https://registry.npmjs.org/d3-color/-/d3-color-3.1.0.tgz 1563ms (cache miss)
1956 http fetch GET 200 https://registry.npmjs.org/semver/-/semver-6.3.1.tgz 1504ms (cache miss)
1957 http fetch GET 200 https://registry.npmjs.org/@eslint/config-helpers/-/config-helpers-0.7.0.tgz 1454ms (cache miss)
1958 http fetch GET 200 https://registry.npmjs.org/react-is/-/react-is-19.2.8.tgz 1451ms (cache miss)
1959 http fetch GET 200 https://registry.npmjs.org/@typescript-eslint/parser/-/parser-8.69.0.tgz 1564ms (cache miss)
1960 http fetch GET 200 https://registry.npmjs.org/picomatch/-/picomatch-4.0.7.tgz 1584ms (cache miss)
1961 http fetch GET 200 https://registry.npmjs.org/eslint-plugin-react-refresh/-/eslint-plugin-react-refresh-0.5.6.tgz 1477ms (cache miss)
1962 http fetch GET 200 https://registry.npmjs.org/@vitejs/plugin-react/-/plugin-react-6.1.1.tgz 1481ms (cache miss)
1963 http fetch GET 200 https://registry.npmjs.org/@eslint/js/-/js-10.0.1.tgz 1478ms (cache miss)
1964 http fetch GET 200 https://registry.npmjs.org/@types/react-dom/-/react-dom-19.2.5.tgz 1495ms (cache miss)
1965 http fetch GET 200 https://registry.npmjs.org/eslint-visitor-keys/-/eslint-visitor-keys-3.4.3.tgz 1507ms (cache miss)
1966 http fetch GET 200 https://registry.npmjs.org/ts-api-utils/-/ts-api-utils-2.5.0.tgz 1656ms (cache miss)
1967 http fetch GET 200 https://registry.npmjs.org/@eslint/core/-/core-1.2.1.tgz 1572ms (cache miss)
1968 http fetch GET 200 https://registry.npmjs.org/optionator/-/optionator-0.9.4.tgz 1597ms (cache miss)
1969 http fetch GET 200 https://registry.npmjs.org/prelude-ls/-/prelude-ls-1.2.1.tgz 1670ms (cache miss)
1970 http fetch GET 200 https://registry.npmjs.org/decimal.js-light/-/decimal.js-light-2.5.1.tgz 1710ms (cache miss)
1971 http fetch GET 200 https://registry.npmjs.org/browserslist/-/browserslist-4.28.8.tgz 1692ms (cache miss)
1972 http fetch GET 200 https://registry.npmjs.org/debug/-/debug-4.4.3.tgz 1636ms (cache miss)
1973 http fetch GET 200 https://registry.npmjs.org/@babel/helper-validator-identifier/-/helper-validator-identifier-7.29.7.tgz 1687ms (cache miss)
1974 http fetch GET 200 https://registry.npmjs.org/ignore/-/ignore-7.0.8.tgz 1619ms (cache miss)
1975 http fetch GET 200 https://registry.npmjs.org/eventemitter3/-/eventemitter3-5.0.4.tgz 1739ms (cache miss)
1976 http fetch GET 200 https://registry.npmjs.org/baseline-browser-mapping/-/baseline-browser-mapping-2.11.20.tgz 1737ms (cache miss)
1977 http fetch GET 200 https://registry.npmjs.org/electron-to-chromium/-/electron-to-chromium-1.5.420.tgz 1782ms (cache miss)
1978 http fetch GET 200 https://registry.npmjs.org/d3-time/-/d3-time-3.1.0.tgz 1887ms (cache miss)
1979 http fetch GET 200 https://registry.npmjs.org/scheduler/-/scheduler-0.27.0.tgz 1872ms (cache miss)
1980 http fetch GET 200 https://registry.npmjs.org/d3-ease/-/d3-ease-3.0.1.tgz 1903ms (cache miss)
1981 http fetch GET 200 https://registry.npmjs.org/@typescript-eslint/types/-/types-8.69.0.tgz 1905ms (cache miss)
1982 http fetch GET 200 https://registry.npmjs.org/@humanfs/core/-/core-0.19.2.tgz 1840ms (cache miss)
1983 http fetch GET 200 https://registry.npmjs.org/source-map-js/-/source-map-js-1.2.1.tgz 1941ms (cache miss)
1984 http fetch GET 200 https://registry.npmjs.org/@eslint-community/regexpp/-/regexpp-4.12.2.tgz 1815ms (cache miss)
1985 http fetch GET 200 https://registry.npmjs.org/lightningcss/-/lightningcss-1.33.0.tgz 1957ms (cache miss)
1986 http fetch GET 200 https://registry.npmjs.org/balanced-match/-/balanced-match-4.0.4.tgz 1929ms (cache miss)
1987 http fetch GET 200 https://registry.npmjs.org/@eslint-community/eslint-utils/-/eslint-utils-4.10.1.tgz 1849ms (cache miss)
1988 http fetch GET 200 https://registry.npmjs.org/espree/-/espree-11.2.0.tgz 1865ms (cache miss)
1989 http fetch GET 200 https://registry.npmjs.org/acorn/-/acorn-8.18.0.tgz 1935ms (cache miss)
1990 http fetch GET 200 https://registry.npmjs.org/@eslint/plugin-kit/-/plugin-kit-0.7.2.tgz 1934ms (cache miss)
1991 http fetch GET 200 https://registry.npmjs.org/typescript-eslint/-/typescript-eslint-8.69.0.tgz 1943ms (cache miss)
1992 http fetch GET 200 https://registry.npmjs.org/hermes-estree/-/hermes-estree-0.25.1.tgz 2055ms (cache miss)
1993 http fetch GET 200 https://registry.npmjs.org/zod-validation-error/-/zod-validation-error-4.0.2.tgz 2032ms (cache miss)
1994 http fetch GET 200 https://registry.npmjs.org/eslint-scope/-/eslint-scope-9.1.2.tgz 1996ms (cache miss)
1995 http fetch GET 200 https://registry.npmjs.org/@babel/helper-module-transforms/-/helper-module-transforms-7.29.7.tgz 2043ms (cache miss)
1996 http fetch GET 200 https://registry.npmjs.org/csstype/-/csstype-3.2.3.tgz 2016ms (cache miss)
1997 http fetch GET 200 https://registry.npmjs.org/@babel/template/-/template-7.29.7.tgz 2073ms (cache miss)
1998 http fetch GET 200 https://registry.npmjs.org/@types/react/-/react-19.2.18.tgz 2021ms (cache miss)
1999 http fetch GET 200 https://registry.npmjs.org/json5/-/json5-2.2.3.tgz 2117ms (cache miss)
2000 http fetch GET 200 https://registry.npmjs.org/@eslint/config-array/-/config-array-0.23.5.tgz 2107ms (cache miss)
2001 http fetch GET 200 https://registry.npmjs.org/d3-scale/-/d3-scale-4.0.2.tgz 2290ms (cache miss)
2002 http fetch GET 200 https://registry.npmjs.org/esquery/-/esquery-1.7.0.tgz 2199ms (cache miss)
2003 http fetch GET 200 https://registry.npmjs.org/d3-interpolate/-/d3-interpolate-3.0.1.tgz 2337ms (cache miss)
2004 http fetch GET 200 https://registry.npmjs.org/react/-/react-19.2.8.tgz 2228ms (cache miss)
2005 http fetch GET 200 https://registry.npmjs.org/@babel/parser/-/parser-7.29.8.tgz 2293ms (cache miss)
2006 http fetch GET 200 https://registry.npmjs.org/@jridgewell/sourcemap-codec/-/sourcemap-codec-1.6.0.tgz 2359ms (cache miss)
2007 http fetch GET 200 https://registry.npmjs.org/redux/-/redux-5.0.1.tgz 2393ms (cache miss)
2008 http fetch GET 200 https://registry.npmjs.org/@jridgewell/gen-mapping/-/gen-mapping-0.3.13.tgz 2357ms (cache miss)
2009 http fetch GET 200 https://registry.npmjs.org/d3-time-format/-/d3-time-format-4.1.0.tgz 2504ms (cache miss)
2010 http fetch GET 200 https://registry.npmjs.org/reselect/-/reselect-5.2.0.tgz 2511ms (cache miss)
2011 http fetch GET 200 https://registry.npmjs.org/@typescript-eslint/type-utils/-/type-utils-8.69.0.tgz 2652ms (cache miss)
2012 http fetch GET 200 https://registry.npmjs.org/immer/-/immer-11.1.18.tgz 2649ms (cache miss)
2013 http fetch GET 200 https://registry.npmjs.org/eslint-plugin-react-hooks/-/eslint-plugin-react-hooks-7.1.1.tgz 2584ms (cache miss)
2014 http fetch GET 200 https://registry.npmjs.org/postcss/-/postcss-8.5.26.tgz 2729ms (cache miss)
2015 http fetch GET 200 https://registry.npmjs.org/@jridgewell/trace-mapping/-/trace-mapping-0.3.31.tgz 2670ms (cache miss)
2016 http fetch GET 200 https://registry.npmjs.org/semver/-/semver-7.8.5.tgz 2600ms (cache miss)
2017 http fetch GET 200 https://registry.npmjs.org/@babel/generator/-/generator-7.29.8.tgz 2789ms (cache miss)
2018 http fetch GET 200 https://registry.npmjs.org/react-redux/-/react-redux-9.3.0.tgz 2847ms (cache miss)
2019 http fetch GET 200 https://registry.npmjs.org/d3-array/-/d3-array-3.2.4.tgz 2871ms (cache miss)
2020 http fetch GET 200 https://registry.npmjs.org/rolldown/-/rolldown-1.2.7.tgz 2916ms (cache miss)
2021 http fetch GET 200 https://registry.npmjs.org/hermes-parser/-/hermes-parser-0.25.1.tgz 2889ms (cache miss)
2022 http fetch GET 200 https://registry.npmjs.org/uri-js/-/uri-js-4.4.1.tgz 2880ms (cache miss)
2023 http fetch GET 200 https://registry.npmjs.org/vite/-/vite-8.2.2.tgz 2853ms (cache miss)
2024 http fetch GET 200 https://registry.npmjs.org/d3-shape/-/d3-shape-3.2.0.tgz 3013ms (cache miss)
2025 http fetch GET 200 https://registry.npmjs.org/minimatch/-/minimatch-10.2.6.tgz 2922ms (cache miss)
2026 http fetch GET 200 https://registry.npmjs.org/@babel/traverse/-/traverse-7.29.8.tgz 3126ms (cache miss)
2027 http fetch GET 200 https://registry.npmjs.org/lightningcss-win32-x64-msvc/-/lightningcss-win32-x64-msvc-1.33.0.tgz 3323ms (cache miss)
2028 http fetch GET 200 https://registry.npmjs.org/@typescript-eslint/utils/-/utils-8.69.0.tgz 3313ms (cache miss)
2029 http fetch GET 200 https://registry.npmjs.org/@typescript-eslint/typescript-estree/-/typescript-estree-8.69.0.tgz 3248ms (cache miss)
2030 http fetch GET 200 https://registry.npmjs.org/react-dom/-/react-dom-19.2.8.tgz 3323ms (cache miss)
2031 http fetch GET 200 https://registry.npmjs.org/ajv/-/ajv-6.15.0.tgz 3343ms (cache miss)
2032 http fetch GET 200 https://registry.npmjs.org/@babel/core/-/core-7.29.7.tgz 3711ms (cache miss)
2033 http fetch GET 200 https://registry.npmjs.org/@rolldown/binding-win32-x64-msvc/-/binding-win32-x64-msvc-1.2.7.tgz 4031ms (cache miss)
2034 http fetch GET 200 https://registry.npmjs.org/@babel/types/-/types-7.29.8.tgz 4190ms (cache miss)
2035 http fetch GET 200 https://registry.npmjs.org/@reduxjs/toolkit/-/toolkit-2.12.0.tgz 4445ms (cache miss)
2036 http fetch GET 200 https://registry.npmjs.org/@babel/helpers/-/helpers-7.29.7.tgz 4485ms (cache miss)
2037 http fetch GET 200 https://registry.npmjs.org/typescript/-/typescript-6.0.3.tgz 4731ms (cache miss)
2038 http fetch GET 200 https://registry.npmjs.org/victory-vendor/-/victory-vendor-37.3.6.tgz 4989ms (cache miss)
2039 http fetch GET 200 https://registry.npmjs.org/@typescript-eslint/scope-manager/-/scope-manager-8.69.0.tgz 5020ms (cache miss)
2040 http fetch GET 200 https://registry.npmjs.org/eslint/-/eslint-10.9.1.tgz 5348ms (cache miss)
2041 http fetch GET 200 https://registry.npmjs.org/@typescript-eslint/eslint-plugin/-/eslint-plugin-8.69.0.tgz 5609ms (cache miss)
2042 http fetch GET 200 https://registry.npmjs.org/caniuse-lite/-/caniuse-lite-1.0.30001810.tgz 6605ms (cache miss)
2043 http fetch GET 200 https://registry.npmjs.org/recharts/-/recharts-3.10.1.tgz 6961ms (cache miss)
2044 http fetch GET 200 https://registry.npmjs.org/zod/-/zod-4.5.4.tgz 7047ms (cache miss)
2045 http fetch GET 200 https://registry.npmjs.org/es-toolkit/-/es-toolkit-1.52.0.tgz 17826ms (cache miss)
2046 http fetch GET 200 https://registry.npmjs.org/lucide-react/-/lucide-react-0.542.0.tgz 18536ms (cache miss)
2047 silly ADD node_modules/isexe
2048 silly ADD node_modules/@rolldown/binding-win32-x64-msvc
2049 silly ADD node_modules/@oxc-project/types
2050 silly ADD node_modules/source-map-js
2051 silly ADD node_modules/nanoid
2052 silly ADD node_modules/lightningcss-win32-x64-msvc
2053 silly ADD node_modules/detect-libc
2054 silly ADD node_modules/rolldown
2055 silly ADD node_modules/postcss
2056 silly ADD node_modules/lightningcss
2057 silly ADD node_modules/d3-path
2058 silly ADD node_modules/d3-time-format
2059 silly ADD node_modules/d3-format
2060 silly ADD node_modules/d3-color
2061 silly ADD node_modules/internmap
2062 silly ADD node_modules/@types/d3-path
2063 silly ADD node_modules/@types/d3-color
2064 silly ADD node_modules/d3-timer
2065 silly ADD node_modules/d3-time
2066 silly ADD node_modules/d3-shape
2067 silly ADD node_modules/d3-scale
2068 silly ADD node_modules/d3-interpolate
2069 silly ADD node_modules/d3-ease
2070 silly ADD node_modules/d3-array
2071 silly ADD node_modules/@types/d3-timer
2072 silly ADD node_modules/@types/d3-time
2073 silly ADD node_modules/@types/d3-shape
2074 silly ADD node_modules/@types/d3-scale
2075 silly ADD node_modules/@types/d3-interpolate
2076 silly ADD node_modules/@types/d3-ease
2077 silly ADD node_modules/@types/d3-array
2078 silly ADD node_modules/punycode
2079 silly ADD node_modules/escalade
2080 silly ADD node_modules/picomatch
2081 silly ADD node_modules/fdir
2082 silly ADD node_modules/tinyglobby
2083 silly ADD node_modules/@typescript-eslint/tsconfig-utils
2084 silly ADD node_modules/@typescript-eslint/project-service
2085 silly ADD node_modules/@typescript-eslint/types
2086 silly ADD node_modules/ts-api-utils
2087 silly ADD node_modules/@typescript-eslint/visitor-keys
2088 silly ADD node_modules/@typescript-eslint/type-utils
2089 silly ADD node_modules/@typescript-eslint/scope-manager
2090 silly ADD node_modules/@typescript-eslint/utils
2091 silly ADD node_modules/@typescript-eslint/typescript-estree
2092 silly ADD node_modules/@typescript-eslint/typescript-estree/node_modules/semver
2093 silly ADD node_modules/@typescript-eslint/parser
2094 silly ADD node_modules/@typescript-eslint/eslint-plugin
2095 silly ADD node_modules/@typescript-eslint/eslint-plugin/node_modules/ignore
2096 silly ADD node_modules/shebang-regex
2097 silly ADD node_modules/@types/use-sync-external-store
2098 silly ADD node_modules/redux-thunk
2099 silly ADD node_modules/redux
2100 silly ADD node_modules/@standard-schema/utils
2101 silly ADD node_modules/@standard-schema/spec
2102 silly ADD node_modules/victory-vendor
2103 silly ADD node_modules/use-sync-external-store
2104 silly ADD node_modules/tiny-invariant
2105 silly ADD node_modules/reselect
2106 silly ADD node_modules/react-redux
2107 silly ADD node_modules/immer
2108 silly ADD node_modules/eventemitter3
2109 silly ADD node_modules/es-toolkit
2110 silly ADD node_modules/decimal.js-light
2111 silly ADD node_modules/clsx
2112 silly ADD node_modules/@reduxjs/toolkit
2113 silly ADD node_modules/scheduler
2114 silly ADD node_modules/yocto-queue
2115 silly ADD node_modules/p-limit
2116 silly ADD node_modules/word-wrap
2117 silly ADD node_modules/fast-levenshtein
2118 silly ADD node_modules/deep-is
2119 silly ADD node_modules/balanced-match
2120 silly ADD node_modules/brace-expansion
2121 silly ADD node_modules/yallist
2122 silly ADD node_modules/p-locate
2123 silly ADD node_modules/type-check
2124 silly ADD node_modules/prelude-ls
2125 silly ADD node_modules/json-buffer
2126 silly ADD node_modules/is-extglob
2127 silly ADD node_modules/hermes-estree
2128 silly ADD node_modules/keyv
2129 silly ADD node_modules/flatted
2130 silly ADD node_modules/path-exists
2131 silly ADD node_modules/locate-path
2132 silly ADD node_modules/flat-cache
2133 silly ADD node_modules/acorn-jsx
2134 silly ADD node_modules/acorn
2135 silly ADD node_modules/estraverse
2136 silly ADD node_modules/esrecurse
2137 silly ADD node_modules/@types/esrecurse
2138 silly ADD node_modules/update-browserslist-db
2139 silly ADD node_modules/node-releases
2140 silly ADD node_modules/electron-to-chromium
2141 silly ADD node_modules/caniuse-lite
2142 silly ADD node_modules/baseline-browser-mapping
2143 silly ADD node_modules/@jridgewell/resolve-uri
2144 silly ADD node_modules/@jridgewell/sourcemap-codec
2145 silly ADD node_modules/@babel/helper-string-parser
2146 silly ADD node_modules/@babel/helper-globals
2147 silly ADD node_modules/@babel/helper-module-imports
2148 silly ADD node_modules/lru-cache
2149 silly ADD node_modules/browserslist
2150 silly ADD node_modules/@babel/helper-validator-option
2151 silly ADD node_modules/@babel/compat-data
2152 silly ADD node_modules/jsesc
2153 silly ADD node_modules/@jridgewell/trace-mapping
2154 silly ADD node_modules/@jridgewell/gen-mapping
2155 silly ADD node_modules/picocolors
2156 silly ADD node_modules/js-tokens
2157 silly ADD node_modules/@babel/helper-validator-identifier
2158 silly ADD node_modules/semver
2159 silly ADD node_modules/json5
2160 silly ADD node_modules/gensync
2161 silly ADD node_modules/convert-source-map
2162 silly ADD node_modules/@jridgewell/remapping
2163 silly ADD node_modules/@babel/types
2164 silly ADD node_modules/@babel/traverse
2165 silly ADD node_modules/@babel/template
2166 silly ADD node_modules/@babel/helpers
2167 silly ADD node_modules/@babel/helper-module-transforms
2168 silly ADD node_modules/@babel/helper-compilation-targets
2169 silly ADD node_modules/@babel/generator
2170 silly ADD node_modules/@babel/code-frame
2171 silly ADD node_modules/zod-validation-error
2172 silly ADD node_modules/zod
2173 silly ADD node_modules/hermes-parser
2174 silly ADD node_modules/@babel/parser
2175 silly ADD node_modules/@babel/core
2176 silly ADD node_modules/ms
2177 silly ADD node_modules/which
2178 silly ADD node_modules/shebang-command
2179 silly ADD node_modules/path-key
2180 silly ADD node_modules/uri-js
2181 silly ADD node_modules/json-schema-traverse
2182 silly ADD node_modules/fast-json-stable-stringify
2183 silly ADD node_modules/@humanfs/types
2184 silly ADD node_modules/@humanfs/core
2185 silly ADD node_modules/levn
2186 silly ADD node_modules/@types/json-schema
2187 silly ADD node_modules/@eslint/object-schema
2188 silly ADD node_modules/optionator
2189 silly ADD node_modules/natural-compare
2190 silly ADD node_modules/minimatch
2191 silly ADD node_modules/json-stable-stringify-without-jsonify
2192 silly ADD node_modules/is-glob
2193 silly ADD node_modules/imurmurhash
2194 silly ADD node_modules/ignore
2195 silly ADD node_modules/glob-parent
2196 silly ADD node_modules/find-up
2197 silly ADD node_modules/file-entry-cache
2198 silly ADD node_modules/fast-deep-equal
2199 silly ADD node_modules/esutils
2200 silly ADD node_modules/esquery
2201 silly ADD node_modules/espree
2202 silly ADD node_modules/eslint-visitor-keys
2203 silly ADD node_modules/eslint-scope
2204 silly ADD node_modules/escape-string-regexp
2205 silly ADD node_modules/debug
2206 silly ADD node_modules/cross-spawn
2207 silly ADD node_modules/ajv
2208 silly ADD node_modules/@types/estree
2209 silly ADD node_modules/@humanwhocodes/retry
2210 silly ADD node_modules/@humanwhocodes/module-importer
2211 silly ADD node_modules/@humanfs/node
2212 silly ADD node_modules/@eslint/plugin-kit
2213 silly ADD node_modules/@eslint/core
2214 silly ADD node_modules/@eslint/config-helpers
2215 silly ADD node_modules/@eslint/config-array
2216 silly ADD node_modules/@eslint-community/regexpp
2217 silly ADD node_modules/@eslint-community/eslint-utils
2218 silly ADD node_modules/@eslint-community/eslint-utils/node_modules/eslint-visitor-keys
2219 silly ADD node_modules/@rolldown/pluginutils
2220 silly ADD node_modules/csstype
2221 silly ADD node_modules/typescript
2222 silly ADD node_modules/typescript-eslint
2223 silly ADD node_modules/react-is
2224 silly ADD node_modules/recharts
2225 silly ADD node_modules/react-dom
2226 silly ADD node_modules/react
2227 silly ADD node_modules/lucide-react
2228 silly ADD node_modules/eslint-plugin-react-refresh
2229 silly ADD node_modules/eslint-plugin-react-hooks
2230 silly ADD node_modules/eslint
2231 silly ADD node_modules/vite
2232 silly ADD node_modules/@vitejs/plugin-react
2233 silly ADD node_modules/@types/react-dom
2234 silly ADD node_modules/@types/react
2235 silly ADD node_modules/@eslint/js
2236 verbose cwd C:\Users\grego\Documents\Codex\2026-09-02\fa\outputs\finora\frontend
2237 verbose os Windows_NT 10.0.26200
2238 verbose node v24.20.0
2239 verbose npm  v11.19.0
2240 notice
2240 notice New major version of npm available! 11.19.0 -> 12.0.2
2240 notice Changelog: https://github.com/npm/cli/releases/tag/v12.0.2
2240 notice To update run: npm install -g npm@12.0.2
2240 notice  { force: true, Symbol(proc-log.meta): true }
2241 verbose exit 0
2242 info ok
